time,phoneme,vocalic,consonantal,back,anterior,open,close,nasal,stop,target_vowels,target_plosives,non_target_plosives,continuant,lateral,flap,trill,voice,strident,labial,dental,velar,pause
0.0,k,0.03397463,0.7674112,0.03271552,0.02718316,0.05301372,0.032307915,0.04428435,0.8784118,0.030628355,0.92506856,0.10834973,0.5268346,0.037314672,0.16905388,0.00295033,0.021591153,0.6399678,0.9843238,0.09502161,0.20115119,0.63984996
0.01,p,0.012866068,0.9089366,0.012925309,0.0072387373,0.016582085,0.022202771,0.005689811,0.9472505,0.009667413,0.9667865,0.10960685,0.57213926,0.014192146,0.06510758,0.0027297388,0.0067848237,0.77542335,0.9935834,0.10857565,0.27728498,0.34563565
0.02,p,0.035809025,0.93283886,0.061674137,0.0046818587,0.0536953,0.051153883,0.0024552962,0.9626316,0.038640328,0.97723085,0.10867912,0.39824143,0.008527127,0.05707763,0.0032032097,0.016924068,0.6070486,0.992561,0.058144048,0.470109,0.17138849
0.03,w,0.25512218,0.8479372,0.40437585,0.0053748493,0.2554178,0.3970481,0.0044734403,0.90912914,0.20983262,0.9619462,0.08785269,0.2781026,0.01085965,0.08475301,0.004147297,0.13197492,0.5980216,0.9800253,0.052673724,0.38330176,0.02586488
0.04,w,0.7547946,0.42461398,0.8528003,0.013615058,0.6636827,0.7440471,0.009201951,0.71991473,0.61809456,0.8747092,0.075711645,0.10491217,0.006968423,0.071205124,0.002653135,0.5147056,0.22118668,0.8617239,0.06097357,0.21153085,0.004152923
0.05,w,0.9511536,0.10916659,0.9582069,0.023832666,0.85491484,0.7579804,0.009659117,0.3358077,0.76399165,0.5824782,0.059816223,0.04920158,0.0048088604,0.07445236,0.0011584427,0.87802744,0.021466933,0.51201254,0.054255392,0.10019172,0.0007809206
0.06,w,0.9855016,0.031020775,0.9810357,0.059301693,0.9191018,0.68527645,0.0118136145,0.122729175,0.77416104,0.15656218,0.051905833,0.03230539,0.0075748223,0.07633612,0.00074684987,0.975769,0.008145765,0.15938428,0.052408863,0.05458271,0.00046902348
0.07,w,0.9883573,0.020017635,0.983574,0.12253648,0.95748883,0.41902688,0.032283198,0.039756887,0.7696358,0.03768736,0.06337908,0.021850724,0.017880002,0.054120906,0.0005482976,0.9917569,0.008636148,0.08184433,0.04690938,0.023734057,0.0004668659
0.08,a,0.97717226,0.031727545,0.9733932,0.24442951,0.96672344,0.13143238,0.1683301,0.013314888,0.8307785,0.0055201477,0.04655718,0.017076695,0.027939983,0.03130137,0.00028932933,0.995265,0.012581458,0.13639092,0.029667009,0.010498463,4.551916e-05
0.09,a,0.8999968,0.15359856,0.91275084,0.29415098,0.92513883,0.07826721,0.68352675,0.0111835515,0.86452866,0.0027846775,0.033652835,0.015193037,0.052818,0.02777786,0.00030828075,0.995104,0.020913918,0.46561766,0.02484812,0.0066350405,5.453594e-06
0.1,a,0.5117937,0.6113026,0.71766627,0.15130179,0.7056954,0.05170125,0.94958836,0.0220635,0.7710463,0.005286115,0.04709723,0.026096376,0.06289209,0.049529813,0.00059416814,0.9895473,0.03310899,0.79005414,0.040031523,0.0069490806,1.8318012e-06
0.11,a,0.16448297,0.88901794,0.3111323,0.06765159,0.32245636,0.063044205,0.9857172,0.08105015,0.34725025,0.028725645,0.07663915,0.043262362,0.061464984,0.05337946,0.0011491606,0.98164064,0.03062201,0.89144725,0.044494368,0.007865112,2.2542836e-06
0.12,m,0.07481277,0.94233304,0.11862274,0.044691864,0.14262584,0.061381955,0.99063253,0.2583689,0.13077739,0.23208466,0.088454805,0.052332472,0.06862844,0.062190413,0.0020262077,0.93189174,0.033083253,0.91828823,0.07041933,0.00961643,5.355472e-06
0.13,m,0.05311482,0.95704365,0.08379947,0.0353085,0.0950057,0.059435174,0.98474777,0.5423778,0.082493305,0.7105568,0.12659529,0.07479809,0.106386505,0.100646585,0.0047543105,0.67647433,0.0460164,0.9281339,0.14631978,0.01629688,3.9270166e-05
0.14,p,0.04852522,0.9697956,0.09460302,0.019439543,0.062332213,0.062320106,0.9399148,0.8760466,0.0654365,0.92716664,0.3224895,0.14440069,0.12312083,0.090944625,0.009195901,0.32643327,0.034178838,0.96613157,0.33538854,0.045910805,0.0006318863
0.15,p,0.012400684,0.9920545,0.021361774,0.004636852,0.019445179,0.0073809726,0.29356384,0.9886412,0.03027124,0.99373865,0.3843779,0.29218826,0.033321247,0.10948684,0.013749613,0.032120988,0.14615494,0.99301666,0.48176154,0.027704144,0.0024554015
0.16,p,0.013419742,0.993315,0.01779392,0.002467813,0.02508622,0.008555633,0.05723819,0.99312544,0.04130919,0.99324477,0.37983426,0.33432162,0.015551799,0.10628776,0.016188178,0.0203488,0.2048152,0.9890017,0.4440905,0.029599342,0.0017635571
0.17,p,0.07690645,0.9623388,0.13510874,0.002793424,0.14911287,0.03881302,0.028280172,0.9814624,0.24962167,0.986634,0.35959852,0.25075188,0.015219513,0.18061112,0.018837217,0.040063545,0.26273137,0.99003345,0.40641946,0.037599057,0.00067710254
0.18,p,0.43747684,0.71823716,0.60546285,0.0037476292,0.4253353,0.17492247,0.034207065,0.91825396,0.79108584,0.95644546,0.3708474,0.2217465,0.015463472,0.13293757,0.00996683,0.25770634,0.18784936,0.9711743,0.20191671,0.03385322,0.00013363444
0.19,p,0.90595776,0.17381863,0.94847953,0.013094154,0.85789365,0.3537032,0.013390354,0.5426109,0.94563454,0.6609134,0.22503768,0.10804218,0.0039093625,0.07256453,0.001609738,0.85468215,0.03344067,0.7944221,0.043679178,0.019116817,0.00010164156
0.2,a,0.97643864,0.036746453,0.9848999,0.03262816,0.9655,0.33433688,0.007232802,0.16617543,0.97290593,0.16594753,0.10301583,0.046211593,0.0031462442,0.06341006,0.0010850665,0.9794159,0.0072519877,0.30854255,0.036519803,0.016985977,0.00010382044
0.21,a,0.98908055,0.018653564,0.99022883,0.073662765,0.9875997,0.13642973,0.004341368,0.06048421,0.9846041,0.026839325,0.090700224,0.025895257,0.004840014,0.080142915,0.0011748184,0.9921052,0.0029645297,0.0615213,0.04781889,0.020910216,6.626747e-05
0.22,a,0.989359,0.019060966,0.9875101,0.096242,0.9906603,0.042794645,0.004075325,0.03595166,0.98650825,0.0084896935,0.11887574,0.027104037,0.009513297,0.111502975,0.0017974569,0.99189836,0.0032221752,0.019938055,0.06486995,0.026297856,6.866903e-05
0.23,a,0.97470194,0.037813116,0.96911836,0.16576402,0.98243,0.030491253,0.012872186,0.044707227,0.97470737,0.011509619,0.15499564,0.048390605,0.03463355,0.19764465,0.004722953,0.977069,0.014195531,0.015529083,0.086932495,0.046867456,0.00013359061
0.24,a,0.92735535,0.09532801,0.9420898,0.29486087,0.95437115,0.038788203,0.104698,0.067376934,0.95416427,0.032514375,0.14296888,0.062824965,0.122322485,0.38225418,0.0075179283,0.92844576,0.03824934,0.05465811,0.1115277,0.07835242,0.000111329035
0.25,a,0.77701706,0.2217211,0.8779049,0.24422057,0.89516884,0.033579476,0.52200776,0.113724574,0.92859906,0.17018154,0.09500321,0.04370734,0.13169043,0.5433313,0.0064536585,0.8746367,0.046070997,0.09811429,0.20273256,0.09829278,8.801432e-05
0.26,a,0.49523172,0.48373178,0.71249926,0.20600225,0.75356317,0.039709248,0.8261721,0.24355093,0.85546476,0.52945745,0.065642975,0.03205127,0.2049926,0.67244333,0.008096284,0.7271764,0.051022943,0.08329348,0.4767595,0.16403367,0.0002137522
0.27,k,0.33866954,0.7722876,0.5128217,0.13041514,0.5139056,0.056655947,0.765059,0.76896846,0.68257993,0.88661504,0.13002235,0.08483501,0.24221517,0.69744635,0.018128047,0.36678484,0.105250984,0.07213194,0.9117612,0.54676753,0.0060189073
0.28,k,0.14817142,0.9232045,0.2827807,0.050645325,0.18681546,0.026167868,0.24581513,0.955306,0.40596277,0.9754327,0.2483616,0.17307782,0.08420619,0.49777922,0.031965837,0.10072838,0.09926928,0.09581944,0.9725214,0.72439736,0.011482731
0.29,k,0.020243073,0.9870921,0.052241445,0.018433552,0.033125665,0.008614368,0.013939257,0.98836815,0.08461814,0.9915028,0.1831674,0.18730654,0.026555907,0.3298126,0.03934342,0.01638813,0.10145822,0.15003772,0.98074853,0.76738393,0.002901374
0.3,k,0.024945622,0.9858896,0.07414397,0.014361356,0.04106233,0.0084436545,0.0035546008,0.9888607,0.119502686,0.99012893,0.20934978,0.21515156,0.019125186,0.33010787,0.041576814,0.016297873,0.087785676,0.12837575,0.9839491,0.740155,0.00087258074
0.31,k,0.1538076,0.91738904,0.3091057,0.021852119,0.2591902,0.022714911,0.005409727,0.96868396,0.3669979,0.97419924,0.28505936,0.19196148,0.022853075,0.35744444,0.042420514,0.07802717,0.09386437,0.13040985,0.9777867,0.578994,0.00062829757
0.32,k,0.65567696,0.4681879,0.8159225,0.020650685,0.76196027,0.07961696,0.0064803194,0.71580476,0.65680766,0.823011,0.38146666,0.20614246,0.01409846,0.31820703,0.043727342,0.5890496,0.09307705,0.14832409,0.9158135,0.33033997,0.00024029598
0.33,o,0.9610809,0.063448384,0.980189,0.019227225,0.9651719,0.11210586,0.0055719377,0.15267621,0.6871152,0.1635759,0.24779148,0.07276267,0.0077278954,0.16204184,0.011343362,0.9552337,0.006561576,0.10182072,0.39188296,0.035954207,6.391039e-05
0.34,o,0.99286276,0.013062107,0.99407554,0.023925865,0.9898355,0.13159108,0.0042390926,0.041550104,0.60983604,0.021338334,0.066248454,0.018642813,0.0068090986,0.07164351,0.00236106,0.99211156,0.001282218,0.029964533,0.06193307,0.013202685,4.7809364e-05
0.35000000000000003,o,0.9951339,0.009757561,0.9939694,0.046747304,0.99115825,0.10322406,0.007576697,0.02378367,0.6310182,0.0025779256,0.05659158,0.010930515,0.008102988,0.06288336,0.0018906884,0.99620736,0.00070012145,0.023898272,0.01927662,0.0076669822,1.4845911e-05
0.36,o,0.97858226,0.034288086,0.98310673,0.09925585,0.9717521,0.19100522,0.110046856,0.03930919,0.798893,0.002150279,0.11552847,0.036540437,0.041403092,0.1255587,0.005777866,0.99031013,0.0038203239,0.14670993,0.035293937,0.014645684,8.757631e-06
0.37,m,0.8280227,0.28587076,0.9143691,0.05461053,0.8461004,0.22690749,0.7474508,0.12576862,0.7811897,0.0077060135,0.22985922,0.14990082,0.14332959,0.14635913,0.005479378,0.97162074,0.035891775,0.74151003,0.13014992,0.052112337,0.00015295099
0.38,m,0.5057608,0.6182085,0.68800896,0.055047937,0.6409798,0.16810438,0.911877,0.14516914,0.56025356,0.013451681,0.30437717,0.16134629,0.16571608,0.19202012,0.006382156,0.96425086,0.055974938,0.8840931,0.13519125,0.08422635,0.00013653666
0.39,m,0.2940826,0.8210582,0.62114394,0.083858624,0.3609675,0.1975867,0.9623023,0.19673093,0.28859442,0.045575865,0.39025825,0.19122133,0.19883054,0.1759044,0.021442594,0.9569821,0.07013306,0.9115489,0.16138954,0.13538106,0.00032127052
0.4,w,0.3452426,0.7336205,0.5542789,0.023190051,0.2677403,0.59830654,0.71394336,0.75886506,0.073087044,0.124415785,0.78039205,0.76622546,0.08034744,0.116224244,0.037581123,0.59296924,0.30010003,0.93052924,0.06813148,0.28105924,0.011548424
0.41000000000000003,w,0.53731084,0.52466357,0.71097445,0.013160897,0.41637698,0.73075974,0.63968307,0.66940945,0.12755455,0.2032557,0.80932134,0.6505828,0.02883415,0.06508967,0.025357755,0.9297804,0.05072069,0.89093226,0.061788656,0.42673743,0.000116902054
0.42,w,0.7720014,0.31818712,0.8845994,0.010435983,0.5844926,0.7074961,0.3915004,0.5466682,0.3884196,0.12104299,0.6925809,0.40939173,0.013558475,0.041148454,0.008327994,0.9725039,0.014780317,0.7382011,0.031178983,0.17717302,6.42559e-05
0.43,w,0.9333848,0.105478264,0.96887606,0.018529767,0.8212171,0.66464424,0.13551831,0.25877535,0.630858,0.071325555,0.3514596,0.14930357,0.00856865,0.04446364,0.004541214,0.9858867,0.01218046,0.39572024,0.03398078,0.064852186,0.00025892162
0.44,w,0.9777643,0.03352793,0.9861345,0.039732706,0.9467641,0.42803302,0.06265457,0.11589729,0.776158,0.024617191,0.2006387,0.07469233,0.011140378,0.06488424,0.0033925553,0.9923246,0.008127192,0.20016395,0.05111942,0.031727195,0.0007171265
0.45,w,0.9867336,0.020700857,0.9898422,0.07298554,0.9759353,0.18031237,0.044676628,0.049476217,0.8680556,0.00882828,0.123139165,0.036047522,0.015786266,0.07753272,0.0026577436,0.994364,0.0061368556,0.11402279,0.042678867,0.017154893,0.0006815055
0.46,a,0.9834823,0.021836478,0.9879713,0.090834305,0.98210377,0.08255117,0.072051406,0.02481581,0.9161054,0.0033937322,0.08657152,0.026768982,0.02062664,0.07447965,0.0032901415,0.9943792,0.008363072,0.12503204,0.03003478,0.009236507,0.00018996903
0.47000000000000003,a,0.93161243,0.08154411,0.966381,0.09309827,0.9514455,0.06077895,0.45276234,0.024632523,0.93655694,0.0027443522,0.068607174,0.03849003,0.039537054,0.06956154,0.0050401506,0.9913558,0.023697445,0.53272784,0.022752091,0.011144949,2.393396e-05
0.48,m,0.6948732,0.42907822,0.87124884,0.07921311,0.76276255,0.06623523,0.8902302,0.048601154,0.86234933,0.011557948,0.11175527,0.0453323,0.059432782,0.09271962,0.0044442,0.983449,0.027247954,0.90445495,0.022631878,0.013752905,1.7432962e-05
0.49,m,0.37687624,0.72660077,0.6034086,0.04390711,0.49778983,0.06382153,0.9645277,0.09434822,0.66260934,0.039617557,0.14118284,0.06069666,0.043229353,0.093733706,0.004665747,0.976524,0.027311636,0.95543635,0.0203627,0.012561394,5.8205073e-06
0.5,m,0.20452775,0.8591283,0.34875676,0.032769136,0.29269132,0.05366317,0.97148347,0.2742566,0.40589026,0.29968032,0.1284717,0.054843657,0.07050501,0.12563668,0.0058067422,0.91747564,0.036492173,0.9551158,0.034898173,0.014328955,1.593045e-05
0.51,m,0.112927824,0.91825354,0.18842565,0.028850911,0.17049721,0.06334868,0.9698024,0.5679364,0.25603506,0.7822217,0.13357206,0.07209179,0.12462068,0.16246103,0.012421996,0.6646123,0.048475552,0.95517945,0.08413304,0.022375016,9.979852e-05
0.52,p,0.08084781,0.9491735,0.1517679,0.022235978,0.11248012,0.0741723,0.94749385,0.8261148,0.13935025,0.90651315,0.22121434,0.09607973,0.14968815,0.13891892,0.026403705,0.371611,0.044000555,0.9644667,0.17347175,0.038906086,0.0009912645
0.53,p,0.027137827,0.9846696,0.062147494,0.005651799,0.044646896,0.0121598495,0.54172325,0.97762185,0.069349796,0.99006116,0.450571,0.32286698,0.07551941,0.16968401,0.08019819,0.058223195,0.1169915,0.99121165,0.32805088,0.027523583,0.0034061212
0.54,p,0.009125245,0.99283624,0.013687844,0.004408998,0.017707521,0.0029999954,0.096676886,0.99241745,0.026737655,0.99369395,0.3234543,0.35521346,0.035540573,0.17256433,0.12504463,0.014446813,0.2208044,0.995778,0.4525609,0.013770423,0.0033623546
0.55,p,0.040776648,0.981764,0.05396672,0.0040982086,0.07059025,0.016539939,0.03497638,0.9859686,0.0935753,0.9891543,0.2991831,0.3236911,0.040998384,0.27917784,0.11287131,0.022237198,0.31665143,0.9951567,0.32957566,0.024038266,0.0018043392
0.56,p,0.15162255,0.91631067,0.280054,0.005099385,0.23179218,0.06083593,0.028065927,0.9640066,0.40981138,0.9860899,0.29999724,0.23221059,0.04278199,0.36469784,0.09307705,0.062239215,0.35188332,0.9916289,0.1994893,0.018621095,0.00061485916
0.5700000000000001,p,0.73632306,0.37419015,0.8497758,0.017103644,0.6988308,0.28576162,0.01019116,0.78283465,0.84419507,0.8808925,0.27238896,0.16313125,0.0092156725,0.24174578,0.024362294,0.5225663,0.099469066,0.92886484,0.11550612,0.012755249,0.00019836117
0.58,p,0.9637542,0.054544047,0.97099906,0.05813589,0.9516756,0.4025202,0.0033997372,0.2280147,0.94197,0.3182103,0.12013488,0.05487856,0.003280946,0.15829918,0.008564548,0.95195657,0.012282036,0.44324008,0.04840307,0.0114806425,7.3623836e-05
0.59,a,0.9808666,0.030321637,0.9829841,0.10648911,0.98344535,0.23757224,0.0028109045,0.069543436,0.9718804,0.059161894,0.08369859,0.024183488,0.0056428183,0.19092682,0.009252675,0.9785284,0.0034210258,0.0797012,0.047636326,0.023823736,0.0001006994
0.6,a,0.96776026,0.060673684,0.9611688,0.23686461,0.9777904,0.07059669,0.007345143,0.0573381,0.9652013,0.063539624,0.08382195,0.028150488,0.023542445,0.40463644,0.018577663,0.95493853,0.0056235734,0.024124589,0.06811744,0.07686861,0.00018634497
0.61,a,0.9123372,0.16032462,0.9332381,0.25820887,0.95468146,0.039841395,0.035227805,0.15689549,0.96355575,0.25056982,0.091150805,0.04437977,0.06480077,0.56361586,0.023942098,0.8854198,0.027598767,0.07267032,0.14345787,0.28689268,0.0008912163
0.62,k,0.83552474,0.28689075,0.8996966,0.15370497,0.90321594,0.024081549,0.14009689,0.40367895,0.9550352,0.5666974,0.07206143,0.046398405,0.09248539,0.6694396,0.019341975,0.7659303,0.06250618,0.22682533,0.26127625,0.5380496,0.0019279263
0.63,k,0.7466401,0.46508923,0.84362954,0.11778186,0.82640964,0.024073936,0.19965841,0.7319122,0.91688085,0.8077189,0.04154337,0.04413769,0.09773564,0.689432,0.010734418,0.5479539,0.073597685,0.33144864,0.5836087,0.7939872,0.005888076
0.64,k,0.44460928,0.74890244,0.6115987,0.08597474,0.5736292,0.034258448,0.1948534,0.9072422,0.7071374,0.91921014,0.03565897,0.06673108,0.11620599,0.6539307,0.013410113,0.26845306,0.07943817,0.3001806,0.742135,0.9135277,0.014864091
0.65,k,0.21955714,0.8958444,0.41414467,0.03787025,0.3669037,0.02148973,0.081506185,0.960933,0.48645326,0.9711956,0.033608302,0.101139456,0.057266317,0.5074276,0.011493133,0.11451713,0.070415795,0.21774462,0.71109873,0.961123,0.011041997
0.66,k,0.049230482,0.9729371,0.12059248,0.015446925,0.112153366,0.006322325,0.0073582707,0.98858255,0.20499778,0.9935911,0.03181572,0.085710056,0.019810062,0.27147177,0.008715985,0.022984792,0.047516115,0.19665326,0.8174036,0.9742003,0.00559231
0.67,k,0.012354153,0.9926061,0.028640134,0.009877183,0.030285995,0.0029873548,0.00070614374,0.9963006,0.05747566,0.99719876,0.022072112,0.057715863,0.009016133,0.21648018,0.007652969,0.005967169,0.041951027,0.18718657,0.86443406,0.9762683,0.0013816174
0.68,k,0.011053328,0.99405444,0.024504628,0.009830683,0.024335826,0.0049934136,0.0003738835,0.99645466,0.040765148,0.9964333,0.029468374,0.06858969,0.007816954,0.22189786,0.0052869054,0.0053674155,0.04278842,0.23975238,0.89401674,0.96085364,0.0009900833
0.6900000000000001,k,0.060649883,0.97400934,0.13214411,0.019000022,0.0838565,0.04792123,0.0013034734,0.9870969,0.082146525,0.9890453,0.05615329,0.10187323,0.0119378185,0.20798233,0.0064531453,0.030839523,0.06523415,0.3352957,0.8814508,0.9275032,0.0012242915
0.7000000000000001,k,0.63667756,0.54419893,0.8139078,0.023643048,0.78735596,0.21091658,0.0019006487,0.8451436,0.2713156,0.8417307,0.051109605,0.049803946,0.010024936,0.21704905,0.0046461467,0.49958783,0.039557017,0.3108379,0.5647316,0.8041207,0.00016959438
0.71,o,0.9687017,0.056797292,0.98023075,0.044101678,0.9716334,0.18093328,0.0016234124,0.1358436,0.39437196,0.28326413,0.014443508,0.017450232,0.006548601,0.18728648,0.0025900996,0.9453149,0.0031705485,0.09746122,0.06430294,0.15400065,5.0640658e-05
0.72,o,0.98946065,0.020147737,0.9844343,0.12118437,0.9758917,0.22866452,0.007497193,0.029782295,0.3715192,0.06726492,0.018369991,0.0090770265,0.012954749,0.1289754,0.0022388848,0.98459,0.0012071289,0.040642355,0.010620645,0.04010305,8.8094755e-05
0.73,o,0.95251036,0.0570814,0.9506146,0.26866922,0.9327205,0.22819136,0.21296667,0.04435949,0.43024027,0.014739189,0.10750632,0.031647082,0.040316552,0.18062781,0.009621532,0.9775874,0.005440792,0.31837147,0.020651873,0.02765758,7.126667e-06
0.74,m,0.6657986,0.50359136,0.77772754,0.18733706,0.67807996,0.1481027,0.8772541,0.27511916,0.40616053,0.08476716,0.40990752,0.231343,0.071877636,0.20976658,0.01046637,0.92513794,0.043804716,0.90486044,0.07377046,0.10737826,0.00014327175
0.75,m,0.21779388,0.88068694,0.24340515,0.11330693,0.20191449,0.12337264,0.9556245,0.74409306,0.115873516,0.32180116,0.7995917,0.66621006,0.1548559,0.28509012,0.016576583,0.8675751,0.07076582,0.9606956,0.17806494,0.4321885,0.00087745156
0.76,b,0.074149035,0.96359634,0.10763557,0.032823663,0.07037199,0.10144539,0.84289217,0.95492464,0.028524963,0.62472713,0.9681905,0.8988789,0.12286226,0.25758308,0.03453114,0.79439247,0.05924434,0.9826371,0.27092764,0.5941738,0.0003819941
0.77,b,0.034906093,0.9854061,0.061264046,0.011973433,0.036623698,0.078187406,0.48793367,0.9836551,0.014342449,0.79655266,0.98065174,0.9353126,0.056593534,0.22569256,0.11485828,0.70143306,0.130083,0.9850708,0.3635033,0.53175503,0.00013227637
0.78,b,0.07326117,0.9601075,0.14198412,0.02591841,0.09833068,0.16786093,0.39948428,0.9777832,0.040081806,0.8092937,0.9693823,0.90846115,0.06278786,0.33792025,0.21253215,0.6313999,0.096237265,0.9720675,0.47676715,0.6292004,2.4425843e-05
0.79,b,0.21005449,0.84515446,0.3512303,0.11222287,0.27278647,0.22529255,0.30150953,0.9318612,0.26582238,0.7479735,0.9245181,0.8285079,0.10291776,0.23443201,0.3597655,0.5863274,0.08873134,0.93768305,0.42672744,0.6556545,5.530461e-05
0.8,o,0.88879436,0.12792543,0.9395323,0.06498439,0.9079066,0.24477226,0.25948316,0.20698103,0.7523435,0.1691466,0.41163486,0.19752592,0.11384813,0.13094378,0.04277817,0.94768995,0.07255108,0.4932506,0.14761707,0.09767753,0.0008923787
0.81,o,0.98053044,0.02823115,0.9863424,0.052214287,0.9702896,0.19830215,0.04673747,0.08405486,0.59756637,0.02535987,0.17255665,0.059285287,0.024651164,0.0874484,0.007043103,0.98895025,0.009475432,0.13620336,0.06644361,0.033731833,0.00017711578
0.8200000000000001,o,0.9882739,0.018545315,0.9905964,0.059759643,0.9760072,0.16325189,0.039438456,0.04105924,0.39788327,0.011079649,0.10508982,0.031851765,0.019677427,0.085340895,0.0037244235,0.99272573,0.005820782,0.07169678,0.037200578,0.01575912,0.00020662272
0.8300000000000001,o,0.9775377,0.034209438,0.98319227,0.057496656,0.95618826,0.2037636,0.120532356,0.054340333,0.41167766,0.008000277,0.1457786,0.047534157,0.027754987,0.1324142,0.010378729,0.98837614,0.01179815,0.1276224,0.044733346,0.016988901,5.0114562e-05
0.84,o,0.91569114,0.12194394,0.9531739,0.0567259,0.86954504,0.26958877,0.413959,0.13558137,0.43735212,0.028841283,0.22145148,0.09983683,0.037001647,0.18379593,0.018856842,0.9664687,0.02914442,0.4953005,0.035012003,0.035585206,1.3245983e-05
0.85,p,0.7960293,0.30847722,0.88614154,0.046023976,0.7218168,0.28229022,0.6687342,0.3114254,0.35188556,0.31934106,0.21426706,0.112982765,0.042037167,0.24794182,0.014672407,0.90752935,0.04610086,0.8049236,0.026922181,0.046380907,3.0148256e-05
0.86,p,0.65240467,0.49674782,0.7697457,0.034394808,0.5880026,0.30826032,0.7318774,0.56892514,0.24470586,0.7708896,0.20356916,0.09673005,0.05467463,0.3126212,0.016337072,0.72775084,0.06195835,0.8935601,0.04299162,0.10634158,0.00016409406
0.87,p,0.4855051,0.6910071,0.60179716,0.025334086,0.41029653,0.2983015,0.7732013,0.79146534,0.23280677,0.8803919,0.25010365,0.13134116,0.0684423,0.28986165,0.02421937,0.43489775,0.08534507,0.94363016,0.10732435,0.19875973,0.0009707937
0.88,p,0.105952665,0.9427899,0.19362125,0.009702298,0.14510351,0.0459582,0.32310596,0.9613006,0.17986698,0.9758559,0.3807352,0.3418035,0.046476148,0.32030216,0.066788666,0.06955551,0.29358476,0.9896327,0.20070742,0.10860632,0.0074748266
0.89,p,0.024517007,0.9828916,0.033492886,0.007567931,0.031350583,0.010763487,0.025125341,0.98386747,0.040586665,0.9865644,0.20208189,0.40931284,0.0317428,0.42763817,0.09177426,0.014699303,0.45235693,0.9960292,0.38317424,0.047218565,0.0036572085
0.9,p,0.047498334,0.9785355,0.050477766,0.00811104,0.05230802,0.028832857,0.008619406,0.97603154,0.04604144,0.9796123,0.17950232,0.4226465,0.04090972,0.5414137,0.10291178,0.02294627,0.5051231,0.9941821,0.45811972,0.06544279,0.0019565905
0.91,p,0.16007254,0.91617334,0.26183608,0.012392196,0.203262,0.146041,0.010248554,0.91639006,0.22619994,0.9636112,0.18041834,0.35798794,0.04504705,0.6101556,0.104296505,0.079172395,0.6378656,0.9888105,0.23026046,0.04807091,0.0012864018
0.92,p,0.6331144,0.46348158,0.80277956,0.02040138,0.5749674,0.5195986,0.0071639083,0.75199,0.5993059,0.8602385,0.1929063,0.20939867,0.01779686,0.48866618,0.056822237,0.3551006,0.3009984,0.92233336,0.105810784,0.027590126,0.00034891348
0.93,p,0.95302355,0.06870802,0.96791375,0.027460903,0.8996263,0.5584552,0.004229583,0.23441423,0.7862834,0.355827,0.13090734,0.08881218,0.004953807,0.21972051,0.017917143,0.9180754,0.017257651,0.4550107,0.020528441,0.014227286,0.000109918474
0.9400000000000001,o,0.9800837,0.026533408,0.9834906,0.05068157,0.958707,0.4776163,0.0039491467,0.10422779,0.800083,0.04748894,0.11652261,0.035472434,0.005044825,0.15853396,0.014004856,0.9819839,0.0037664908,0.1571684,0.022936208,0.011511632,0.000116289
0.9500000000000001,o,0.9749371,0.040150248,0.97426593,0.14336288,0.96821153,0.26397344,0.0062352293,0.08870863,0.847279,0.031998757,0.14277449,0.044039883,0.016886532,0.2213929,0.025792088,0.9754427,0.0052068727,0.066957824,0.066890605,0.025148213,0.00038470246
0.96,o,0.9333867,0.10383403,0.9358908,0.26346368,0.9464148,0.13073838,0.02551715,0.13332942,0.8620368,0.06823942,0.24178691,0.08141689,0.07894638,0.43429714,0.11957658,0.9348357,0.025228057,0.07618576,0.16926886,0.07664596,0.0022547503
0.97,r,0.82747287,0.27339602,0.87767637,0.3128369,0.8984593,0.083693735,0.12232052,0.24946873,0.87784547,0.20725676,0.25921908,0.12493852,0.24399415,0.6494972,0.27611896,0.831149,0.11039508,0.23996197,0.26975113,0.18456233,0.007108554
0.98,r,0.73520213,0.40313354,0.813579,0.286063,0.8357075,0.06937521,0.25874847,0.38194993,0.8545204,0.47117457,0.20326278,0.136503,0.3124846,0.7799789,0.32172176,0.68438005,0.1558895,0.4456381,0.32805035,0.31002513,0.008658398
0.99,r,0.63336134,0.52521896,0.7042652,0.3372953,0.7517248,0.05965534,0.30263478,0.58753794,0.7937466,0.71069986,0.16718861,0.15849431,0.34015936,0.84162796,0.36181375,0.5195646,0.23970224,0.6351647,0.46421278,0.49322292,0.025067875
1.0,k,0.37175164,0.73396564,0.47976202,0.28328863,0.51712906,0.068711035,0.18745986,0.78027,0.531744,0.8506407,0.16402622,0.27703393,0.36246085,0.83801144,0.5839757,0.29221255,0.40532193,0.76980525,0.6054087,0.7274536,0.13536914
1.01,k,0.20724848,0.8608964,0.26640552,0.22624747,0.30409172,0.06639592,0.09056944,0.80962723,0.25233555,0.87087536,0.18609093,0.46151903,0.37483004,0.8081072,0.7982984,0.20881332,0.60894364,0.83426386,0.5863018,0.7983593,0.11312325
1.02,k,0.100060046,0.92981154,0.1502494,0.11893944,0.15061429,0.039583683,0.035514314,0.83456016,0.10524468,0.8916825,0.14387038,0.637103,0.31673416,0.7039043,0.79199284,0.118935205,0.7611701,0.9133585,0.5047419,0.8275929,0.086682305
1.03,f,0.05230981,0.96195984,0.09783491,0.05996958,0.08056195,0.02422457,0.009653996,0.85760427,0.07236259,0.90458715,0.11062602,0.7534548,0.16765627,0.55611205,0.74304926,0.06324869,0.84648097,0.9495478,0.43126246,0.8154269,0.050747883
1.04,f,0.093114264,0.949196,0.15408738,0.06367466,0.11847948,0.059295733,0.014584257,0.82180107,0.10209792,0.8759561,0.13905576,0.79959583,0.13646358,0.57079536,0.68596107,0.08333739,0.8682978,0.9521454,0.37058306,0.77966005,0.021584729
1.05,k,0.45553732,0.6877593,0.5996225,0.13152498,0.5467308,0.2882847,0.021248136,0.69775033,0.20156671,0.75668526,0.14532961,0.64561623,0.100436166,0.5455641,0.5777643,0.30994347,0.80976385,0.82993525,0.22699182,0.69982123,0.0037446253
1.06,k,0.75487775,0.26593995,0.88712144,0.13362187,0.8343561,0.28295535,0.026821485,0.29005963,0.36692083,0.3485208,0.13219053,0.2670575,0.074079394,0.5398027,0.5192085,0.6638456,0.29099476,0.5579631,0.050170876,0.268798,0.00087584305
1.07,k,0.8390616,0.21292263,0.92038757,0.13752873,0.81423056,0.3730007,0.04385237,0.24074611,0.35529813,0.19739923,0.23815359,0.19564389,0.054881085,0.5769286,0.39225847,0.7758026,0.07341532,0.5770841,0.019400334,0.1425876,0.001340201
1.08,B,0.59817606,0.5507179,0.76578796,0.10989285,0.593739,0.29900503,0.52297217,0.60762084,0.10463222,0.24388827,0.5866222,0.4643624,0.07193411,0.5888682,0.13240694,0.7912617,0.03922433,0.9002377,0.022464879,0.19866437,0.00025498425
1.09,B,0.15345995,0.89936805,0.1779196,0.08697168,0.1911595,0.13689524,0.8771748,0.8923123,0.047592483,0.5163804,0.8936677,0.82936877,0.10229096,0.41264647,0.021654312,0.759638,0.054046743,0.9816739,0.044855975,0.47074112,0.0005145722
1.1,B,0.039839305,0.97719973,0.053072885,0.028709406,0.043242823,0.09019046,0.83882374,0.9680628,0.015584569,0.5197081,0.9791708,0.9438366,0.10411494,0.30458108,0.01450696,0.79355913,0.047776725,0.99329853,0.055103943,0.641188,0.0002661097
1.11,b,0.01798328,0.9883287,0.036297735,0.007549524,0.020475186,0.07684114,0.7189769,0.98438066,0.009292863,0.51883334,0.9918648,0.9720959,0.052749578,0.14791985,0.01527967,0.8869234,0.074571826,0.9962001,0.077041134,0.619277,7.245699e-05
1.12,b,0.040937625,0.9717513,0.121986866,0.0033226458,0.058088098,0.1309461,0.7241769,0.97827333,0.02746432,0.6671278,0.9849926,0.96548,0.030158347,0.07561894,0.01788217,0.83024675,0.087312564,0.99427027,0.054222222,0.64126647,3.053197e-05
1.1300000000000001,b,0.18458614,0.8516176,0.4285892,0.0023570668,0.23840594,0.33912233,0.68354666,0.9452641,0.124124475,0.6169244,0.96753323,0.9358962,0.015801225,0.036315855,0.0107484935,0.83427024,0.025362093,0.9864563,0.030363772,0.49730802,8.049805e-06
1.1400000000000001,b,0.53554064,0.60587037,0.77845585,0.0037822975,0.46933517,0.49240002,0.3184454,0.8348264,0.3284215,0.44215506,0.90452194,0.7536882,0.008392246,0.018348353,0.0037906922,0.91033584,0.0075944294,0.9259839,0.015893545,0.18032165,7.864008e-06
1.1500000000000001,b,0.9230924,0.13185182,0.95283455,0.013390239,0.8807217,0.496505,0.050932247,0.38482055,0.72306806,0.20741983,0.46754554,0.21187459,0.006204432,0.036904957,0.003789376,0.96802497,0.004484377,0.6319218,0.016873216,0.048215013,2.8012439e-05
1.16,b,0.97852093,0.03747798,0.9816484,0.040796146,0.961039,0.27753654,0.03324951,0.12205596,0.86102635,0.028216608,0.20585507,0.07028802,0.007913302,0.065153755,0.004609069,0.9899571,0.0032816855,0.26761317,0.015493113,0.021560406,0.000115563395
1.17,a,0.97978973,0.031453054,0.98419464,0.06808822,0.9690057,0.1715946,0.06368142,0.0662261,0.8755417,0.010327802,0.15949115,0.04771571,0.014013223,0.117418714,0.008613007,0.98857534,0.005442454,0.1862006,0.023420958,0.01634712,0.00015950258
1.18,a,0.9371006,0.097310156,0.961575,0.054542296,0.928798,0.19901678,0.30545673,0.098746836,0.8524363,0.0074718525,0.2213135,0.11597234,0.03715261,0.1946206,0.042981204,0.9782198,0.024027552,0.49164936,0.06044988,0.026833624,8.603632e-05
1.19,a,0.6996281,0.44134206,0.8345955,0.052673623,0.7533793,0.19130711,0.8386783,0.22179402,0.7642803,0.034202214,0.4032187,0.23775445,0.15450814,0.47847292,0.06513934,0.9162309,0.052271724,0.8693159,0.13006894,0.096958384,0.00033726587
1.2,a,0.49480277,0.6585832,0.6260988,0.19494928,0.4819581,0.44900712,0.92041737,0.26125205,0.18458723,0.2562917,0.27236333,0.19445577,0.19736233,0.3376122,0.09781955,0.8767527,0.19608544,0.8569445,0.062280662,0.09573551,0.0005498391
1.21,N,0.27269134,0.8086915,0.41522947,0.08408091,0.2508825,0.36119208,0.95202637,0.42465168,0.05620859,0.51248527,0.24497545,0.16432965,0.1373061,0.22554342,0.032878056,0.79754114,0.10033432,0.92759305,0.04563123,0.090749644,0.00018180897
1.22,N,0.18927307,0.87862086,0.2625038,0.07390059,0.15395181,0.3146312,0.9517972,0.63567156,0.045569744,0.75833166,0.25056997,0.15456864,0.12857522,0.20974647,0.029697869,0.60870546,0.081974626,0.9375053,0.07259534,0.11020515,0.00038320705
1.23,p,0.07656016,0.95645654,0.123782866,0.04999085,0.080697276,0.1369446,0.8365163,0.92384183,0.045294613,0.94995874,0.38937482,0.2688571,0.107739575,0.27457538,0.058181427,0.19524549,0.16999313,0.97994083,0.15735854,0.15087914,0.0022290559
1.24,p,0.029636173,0.98538613,0.04774545,0.0127563765,0.040155116,0.021722605,0.2678216,0.97963935,0.043695662,0.98564833,0.37829822,0.37210178,0.059525996,0.28713587,0.11133606,0.037125286,0.36041117,0.99461377,0.23323104,0.06309967,0.0027066886
1.25,p,0.034595564,0.9824619,0.05517332,0.005721263,0.06155161,0.024879849,0.07368465,0.9815345,0.07220819,0.9835107,0.33271137,0.42448953,0.046992235,0.2860973,0.13868566,0.029964074,0.42803103,0.9942902,0.2862479,0.063672006,0.0032844003
1.26,p,0.122065224,0.9417537,0.20260264,0.0070507335,0.17809425,0.07505426,0.04991832,0.95872307,0.24377237,0.97574234,0.33896396,0.36971164,0.047163047,0.35070562,0.15931287,0.060323235,0.35646227,0.9919464,0.24406533,0.07158458,0.0022407207
1.27,p,0.55142105,0.58233094,0.7368638,0.017741425,0.52091056,0.44923085,0.036536116,0.8220601,0.5996175,0.9225481,0.36478165,0.28756076,0.023467597,0.31251073,0.07927266,0.34904948,0.2848935,0.9477023,0.2028221,0.056664955,0.00026131907
1.28,p,0.94447964,0.08915409,0.9457933,0.10134948,0.92319864,0.40916765,0.0073940144,0.25330454,0.83120084,0.38316396,0.19149022,0.08782474,0.010866951,0.26365897,0.03362344,0.9134404,0.012539954,0.5578853,0.080426775,0.02801926,5.912656e-05
1.29,p,0.9778955,0.035266954,0.9632937,0.25601614,0.97096413,0.36910442,0.0038780242,0.06866618,0.89590544,0.060049128,0.10103276,0.02942759,0.014402575,0.24767394,0.01684959,0.96885717,0.0019933814,0.09005612,0.052174,0.03377743,7.871408e-05
1.3,a,0.9757098,0.043031868,0.90662056,0.5697871,0.9709591,0.15432176,0.005874721,0.0360326,0.87173367,0.02796584,0.090811715,0.030854411,0.04224512,0.32852325,0.024479369,0.9635463,0.002813857,0.01691853,0.055439144,0.046691056,0.00020089591
1.31,a,0.9303072,0.10485757,0.84168726,0.59492373,0.94268554,0.10309004,0.04771717,0.06651108,0.8512148,0.06061728,0.12614548,0.058432277,0.12373892,0.47184908,0.094917655,0.91791654,0.029327068,0.043457597,0.08973766,0.08141984,0.0011422979
1.32,a,0.8341012,0.28010386,0.847198,0.40795437,0.89314944,0.0712031,0.24024676,0.21313536,0.8675724,0.28703362,0.19936304,0.15870304,0.2635935,0.6197527,0.18221746,0.8021188,0.2070944,0.2876453,0.27249596,0.19009282,0.011662702
1.33,k,0.7304004,0.42303157,0.790426,0.29640785,0.8212919,0.07653965,0.36263475,0.46557212,0.8583876,0.6021155,0.2103259,0.22928585,0.294289,0.73424804,0.21501073,0.61800194,0.31853616,0.5366724,0.47659612,0.3584398,0.0358615
1.34,k,0.5356254,0.6006178,0.6602586,0.23803356,0.6446813,0.10075157,0.33131522,0.7279301,0.7471504,0.823181,0.20577365,0.32238233,0.32087874,0.7498965,0.24222665,0.3727913,0.4052069,0.6475322,0.75164664,0.6126201,0.12623797
1.35,k,0.32441428,0.7912806,0.47334424,0.17809993,0.4535916,0.094524555,0.21792641,0.8251206,0.55009073,0.8996845,0.24361691,0.41203487,0.27825966,0.75452423,0.36517927,0.22398184,0.5053288,0.7223114,0.8340485,0.7180863,0.15262179
1.36,k,0.14389545,0.8990475,0.25703964,0.12193726,0.20179644,0.06646648,0.09205911,0.8499291,0.26656485,0.9157661,0.24982676,0.5499728,0.24135448,0.6883024,0.5300366,0.12706175,0.6482145,0.79524875,0.81270033,0.78415483,0.1269227
1.37,k,0.060229827,0.9521604,0.12967768,0.06378311,0.08068112,0.035898563,0.024149902,0.8616099,0.11378702,0.9143889,0.18742076,0.71673304,0.20253022,0.5907246,0.5417434,0.06616279,0.7950303,0.89211863,0.72497034,0.79701495,0.07993103
1.3800000000000001,k,0.034954015,0.9744765,0.07279128,0.042421546,0.048780125,0.029334543,0.010921069,0.88175887,0.067499496,0.9133893,0.19092512,0.8037416,0.14366658,0.5529083,0.58683026,0.044522032,0.8675932,0.9285549,0.69051075,0.75214326,0.035136934
1.3900000000000001,k,0.086206935,0.9564442,0.14936261,0.043098085,0.11263288,0.06370575,0.012368036,0.8413252,0.11905573,0.8782737,0.23844422,0.8185579,0.14245465,0.5150921,0.60794127,0.0772317,0.8757002,0.9227713,0.6208327,0.68629557,0.02026751
1.4000000000000001,k,0.47609213,0.69280916,0.6245607,0.11954092,0.5824306,0.2596964,0.025042484,0.71309197,0.20195045,0.7758833,0.2725312,0.6399326,0.11906917,0.4376494,0.57022756,0.30323446,0.75867736,0.7317122,0.3815888,0.7060473,0.0026077095
1.41,k,0.84321105,0.18449792,0.9318941,0.0925006,0.8954099,0.24222286,0.020375682,0.26204938,0.27614737,0.3290176,0.16121124,0.24135844,0.062294345,0.3544194,0.5093127,0.740137,0.15737346,0.4374387,0.05224599,0.3052974,0.00020326841
1.42,o,0.94213057,0.08788375,0.9663044,0.083599284,0.93493766,0.3262375,0.016697537,0.15350077,0.30054337,0.12313039,0.1863384,0.13102354,0.035133764,0.24555805,0.25604114,0.9143352,0.019838281,0.315668,0.010599327,0.20301609,0.00015731037
1.43,o,0.9404761,0.087696835,0.9720585,0.06510588,0.925453,0.4475779,0.062042125,0.16930307,0.13679558,0.025292708,0.32749367,0.16898486,0.024498403,0.20536985,0.09631562,0.9653773,0.007279394,0.3378863,0.005199126,0.213898,0.00013164534
1.44,B,0.4520624,0.7063911,0.6015073,0.060407337,0.43098336,0.36863908,0.7886065,0.73541725,0.08599999,0.09083078,0.8756431,0.7993239,0.054775946,0.2530258,0.018783964,0.9210543,0.038942307,0.933761,0.032897294,0.69736475,0.00028642474
1.45,B,0.07855512,0.96099615,0.11765388,0.024632053,0.08158875,0.20431943,0.89868015,0.942747,0.012347557,0.065864354,0.96960366,0.93474907,0.07485645,0.29698727,0.013120168,0.9095239,0.061056346,0.98207474,0.0657762,0.84070075,0.00010314017
1.46,m,0.025056439,0.98466974,0.050086617,0.011572659,0.022887204,0.12759069,0.9148498,0.9614941,0.0050180205,0.08335373,0.98076946,0.95126337,0.07041104,0.14486727,0.011261559,0.9570194,0.05006719,0.99314004,0.0637637,0.8278681,2.8871431e-05
1.47,m,0.04221766,0.9726748,0.094340146,0.013172651,0.040787958,0.17677298,0.94663256,0.9210304,0.012023053,0.09582967,0.9655256,0.9097738,0.045061756,0.07752581,0.011224539,0.9737788,0.029746056,0.9926315,0.05298138,0.7219964,8.357381e-06
1.48,m,0.14598182,0.8699807,0.29846802,0.014700712,0.19017613,0.30836964,0.9465736,0.80049616,0.097518355,0.07021215,0.91168034,0.8016468,0.030815601,0.06347335,0.011425268,0.97472924,0.010356113,0.9852694,0.038885172,0.45635378,3.5684418e-06
1.49,m,0.5329429,0.5939457,0.7192596,0.033038415,0.41919,0.40198404,0.84401625,0.5713871,0.35948116,0.037342694,0.76900667,0.5023832,0.017269842,0.046825353,0.0063055293,0.98374724,0.0030175205,0.93042636,0.023163911,0.17601742,5.6034896e-06
1.5,o,0.9576628,0.070825286,0.9568374,0.13284089,0.91527426,0.49559847,0.14645742,0.12225026,0.7464451,0.012343956,0.21288659,0.08014246,0.012273293,0.069602534,0.0041510933,0.9931393,0.00185161,0.41876924,0.014593546,0.028452372,2.2913735e-05
1.51,o,0.98462594,0.025308406,0.97661954,0.2298549,0.968101,0.20022304,0.06566648,0.0295649,0.84458065,0.009056124,0.06729855,0.021434208,0.014879505,0.08574004,0.0021805326,0.991356,0.0020986393,0.14302956,0.012011934,0.016176494,5.4923614e-05
1.52,o,0.96440995,0.03820891,0.9599887,0.32368693,0.9596281,0.13463432,0.17837283,0.030807583,0.86143357,0.018503217,0.052926075,0.027983854,0.041680265,0.12423691,0.0052520605,0.979301,0.00958567,0.2129302,0.024721012,0.025908647,2.4592282e-05
1.53,o,0.8532777,0.19021781,0.91773695,0.26031035,0.8839344,0.077693366,0.6609938,0.098073,0.8274679,0.13915375,0.10042241,0.045431804,0.09968412,0.26095718,0.009577646,0.92502433,0.034722127,0.5483426,0.07360669,0.058320783,0.00014955735
1.54,o,0.5836689,0.48525518,0.7939521,0.17326057,0.69855577,0.09371063,0.8645716,0.22860734,0.67169267,0.44738865,0.15209864,0.060938407,0.1842136,0.36926228,0.013250948,0.8508792,0.04651289,0.69177526,0.17275321,0.11042178,0.00044326624
1.55,n,0.328041,0.7465059,0.55361754,0.1201796,0.427762,0.12986578,0.9136485,0.56184626,0.42830577,0.7982473,0.17595918,0.08891083,0.29028434,0.40475464,0.02003315,0.6418636,0.0660501,0.7205118,0.5549453,0.24588507,0.006627402
1.56,n,0.18692692,0.88178605,0.31517467,0.071014635,0.22082612,0.1485492,0.88359874,0.8263979,0.21363063,0.9138007,0.21461089,0.13346206,0.33641037,0.41084945,0.045659523,0.34015465,0.05589824,0.769147,0.81210434,0.38837898,0.023913959
1.57,t,0.065246366,0.9589246,0.11972345,0.047720022,0.08931082,0.062992714,0.58827484,0.96877974,0.086532414,0.9809461,0.23327719,0.14141089,0.1758934,0.2932821,0.08863036,0.095899925,0.048477557,0.78492874,0.9219483,0.37824854,0.021853464
1.58,t,0.016473675,0.9911171,0.026255887,0.022145325,0.028254496,0.00811219,0.102975026,0.9931288,0.039436672,0.99580294,0.22853997,0.11872374,0.052150883,0.28578106,0.21259934,0.01681126,0.039743617,0.8321053,0.9550596,0.33508933,0.003421936
1.59,t,0.06295547,0.9723071,0.07322848,0.11463321,0.114072025,0.026629733,0.046809707,0.98034644,0.12705131,0.98811936,0.23070553,0.14476444,0.08403915,0.23830456,0.30570668,0.034088887,0.0640238,0.8376484,0.9164118,0.34931815,0.0024945056
1.6,t,0.37284657,0.7299786,0.54255277,0.021322688,0.47609058,0.27894408,0.4159831,0.6896725,0.28690147,0.80465615,0.61331284,0.31957185,0.11868712,0.19082807,0.15236464,0.34901142,0.16605061,0.93624014,0.099945955,0.36354694,0.05484803
1.61,w,0.738967,0.37559697,0.8535284,0.012492546,0.70805156,0.5592592,0.17657396,0.47840866,0.40991557,0.6082841,0.52295196,0.49437928,0.031152185,0.11316869,0.053262785,0.72982943,0.26807743,0.7490086,0.0625596,0.19630256,0.004995788
1.62,w,0.94766635,0.0815719,0.97211444,0.01600446,0.8778095,0.5964976,0.041909806,0.2459426,0.40949574,0.23662095,0.27355143,0.15771568,0.008957638,0.07990492,0.015087571,0.9503739,0.03128585,0.33128163,0.034817625,0.07364238,0.0008501634
1.6300000000000001,w,0.980424,0.02967114,0.98686326,0.03665557,0.93431056,0.5448162,0.017230386,0.12900698,0.43804592,0.05162466,0.17884481,0.061694413,0.007963471,0.09294346,0.009201578,0.98514444,0.006172592,0.15257713,0.028297285,0.02881788,0.00041850496
1.6400000000000001,w,0.9850545,0.024606997,0.9839724,0.1048769,0.9676181,0.3715189,0.015965639,0.07466041,0.61920077,0.020574821,0.12247441,0.034666203,0.019208865,0.14960063,0.011312825,0.9853905,0.0036467991,0.07817478,0.03052008,0.027250484,0.00033091655
1.6500000000000001,o,0.97246444,0.049978092,0.9600896,0.24333178,0.9625446,0.223563,0.044512585,0.063146606,0.75311714,0.025078243,0.13926448,0.041977406,0.06674849,0.2716615,0.03386807,0.96675515,0.007337188,0.055476997,0.053097956,0.04943881,0.0004658226
1.6600000000000001,o,0.90571,0.17388517,0.9218017,0.27370733,0.912123,0.18604322,0.18888007,0.1538192,0.81431013,0.12722895,0.23113552,0.10128981,0.2725687,0.5434212,0.09838805,0.88952583,0.039209623,0.15563978,0.13477074,0.15820229,0.0020745096
1.67,l,0.77947456,0.3745845,0.85888046,0.21926942,0.8292564,0.12514515,0.322573,0.33962333,0.8412785,0.4429871,0.25541,0.12195475,0.44375095,0.76687515,0.21238361,0.74732494,0.08595776,0.34059116,0.2211488,0.4268786,0.0043350877
1.68,l,0.6030986,0.5397352,0.73980653,0.25517055,0.6891333,0.1507648,0.59041643,0.53942126,0.7376227,0.7029798,0.22390498,0.1062737,0.5534969,0.78170747,0.1485141,0.63580227,0.11815492,0.50360847,0.25943348,0.67677,0.006871196
1.69,k,0.4466261,0.69160473,0.59341395,0.25641373,0.5749539,0.17315216,0.5763576,0.7816473,0.5633582,0.84891367,0.16979004,0.13594086,0.5140603,0.7327389,0.11376354,0.4424948,0.18024413,0.55720985,0.43771264,0.87904656,0.022211406
1.7,k,0.31101534,0.84348583,0.41537386,0.22568049,0.41819346,0.16728415,0.3692768,0.9134751,0.27578524,0.92919934,0.15019344,0.24471034,0.42187306,0.6499793,0.15037553,0.21364889,0.20635833,0.5584793,0.44418466,0.93652153,0.043161456
1.71,k,0.12335206,0.9224993,0.21505001,0.10231863,0.2104113,0.06332549,0.093813,0.94952023,0.15391453,0.9684711,0.109164335,0.29170674,0.18493973,0.53110707,0.13950291,0.080313005,0.251501,0.6168204,0.4506567,0.9639941,0.023112152
1.72,k,0.045942668,0.9674299,0.10550403,0.039380617,0.069464326,0.02587749,0.013842996,0.9729064,0.07334797,0.983521,0.07377941,0.33342347,0.065831736,0.3751915,0.06943752,0.025463413,0.3171424,0.73389024,0.35848367,0.97849894,0.013209761
1.73,k,0.022600438,0.9854152,0.05490897,0.02369126,0.025801914,0.01940928,0.0035873875,0.98157907,0.030215325,0.98708385,0.060519952,0.44942045,0.031845707,0.2682442,0.042608164,0.011375435,0.48096606,0.8041354,0.2635351,0.98258364,0.007208467
1.74,k,0.037119888,0.98081505,0.08207588,0.020855702,0.030285822,0.07074399,0.0041033966,0.9782854,0.02395548,0.98380405,0.07038481,0.4017135,0.027342038,0.25278705,0.036638815,0.016303051,0.4312964,0.8463619,0.20318092,0.9807912,0.00562628
1.75,k,0.17136075,0.91990554,0.3518106,0.037237782,0.11077446,0.46182057,0.010571545,0.95764947,0.03402109,0.970975,0.07772818,0.35400653,0.040134896,0.22277088,0.029980462,0.06637767,0.38162678,0.69745857,0.17659993,0.9711828,0.0029631979
1.76,k,0.6079556,0.6058222,0.71715224,0.10629858,0.5964955,0.5674618,0.0151687,0.78392947,0.042663597,0.79582745,0.059027217,0.17100173,0.048049975,0.30794457,0.019899027,0.4075605,0.20686287,0.5650457,0.042409275,0.8683651,0.0017158908
1.77,k,0.8701311,0.620613,0.9112473,0.113561206,0.8168021,0.59317964,0.062280115,0.7203761,0.029311322,0.3045832,0.09024562,0.11761609,0.03877572,0.37899178,0.020050358,0.8304626,0.04544819,0.5797847,0.009040993,0.776816,0.0011170907
1.78,k,0.5495172,0.6354037,0.660947,0.10020013,0.4423533,0.58816206,0.733426,0.6568227,0.011081269,0.30175614,0.6730702,0.6483345,0.08330375,0.4943887,0.021966588,0.8125677,0.033744313,0.90409744,0.02655742,0.685267,0.00048530896
1.79,B,0.10442685,0.9468146,0.11319653,0.0724512,0.08884063,0.21835281,0.91146153,0.903164,0.008854889,0.25745323,0.9348727,0.87738585,0.13183229,0.44631112,0.019815572,0.806282,0.055318672,0.9681045,0.061014015,0.83411705,0.0005384273
1.8,B,0.038394082,0.97896516,0.05819587,0.024840144,0.03263152,0.13219011,0.9257373,0.941919,0.0059363986,0.36586776,0.96501976,0.90113974,0.12439501,0.24254535,0.017874854,0.902412,0.053705376,0.9879709,0.074463755,0.83306515,0.00013233618
1.81,B,0.041836157,0.9772919,0.086435206,0.01920514,0.03518953,0.14820635,0.9453473,0.9035023,0.007138949,0.4493481,0.94315434,0.8447693,0.104083724,0.14548077,0.024719512,0.92204857,0.059523523,0.9883162,0.08952918,0.75511813,0.00012574765
1.82,B,0.20154674,0.8552939,0.40324646,0.023068922,0.26950657,0.31244075,0.9429835,0.70886916,0.03644677,0.25997153,0.84781843,0.646086,0.057366785,0.09000024,0.01725736,0.94596803,0.018463312,0.9699575,0.065943964,0.6319077,3.5458866e-05
1.83,o,0.6335345,0.46265477,0.820596,0.023787383,0.60212326,0.42548782,0.7915872,0.38160682,0.10614936,0.06545704,0.6006433,0.33244696,0.020831162,0.050554693,0.006607404,0.97777903,0.003440503,0.8564039,0.019216327,0.29144388,1.3801984e-05
1.84,o,0.96112585,0.06418327,0.9756086,0.06218461,0.9137166,0.49378258,0.17690726,0.06437641,0.22350436,0.020535486,0.13005833,0.04494123,0.009397556,0.0349844,0.0017131737,0.9943284,0.0019028551,0.3128332,0.0057223113,0.035312444,4.5653578e-05
1.85,o,0.986465,0.019706126,0.98661155,0.09919729,0.96002764,0.27373496,0.099758916,0.016435592,0.26594564,0.007954524,0.044440385,0.016371803,0.0070782555,0.036194075,0.0010036603,0.9961121,0.004062655,0.12744914,0.0051644184,0.011706401,0.00010018173
1.86,o,0.9785291,0.029749295,0.97327286,0.13856365,0.94347864,0.2203439,0.232423,0.013927956,0.2852583,0.0067938566,0.033572834,0.015331989,0.010120374,0.044559352,0.0019577688,0.9940747,0.009194345,0.19387333,0.0074539226,0.010960245,4.8693775e-05
1.87,m,0.85044664,0.24698603,0.8981667,0.11188944,0.77312624,0.2443874,0.7625586,0.041952655,0.23749116,0.030972023,0.05839094,0.039941024,0.023167053,0.09912196,0.0068055135,0.97497296,0.05001048,0.7131342,0.014399962,0.022639584,4.764824e-05
1.8800000000000001,m,0.5129827,0.67458266,0.6721917,0.089332774,0.5616205,0.15110886,0.95203763,0.060259804,0.15800187,0.0625989,0.0518993,0.04231908,0.03831175,0.14558129,0.0090779355,0.96273696,0.05726233,0.92010176,0.0144594405,0.022702042,1.8872954e-05
1.8900000000000001,m,0.2328991,0.86077684,0.36683142,0.07323389,0.35926434,0.114553854,0.9718887,0.12390205,0.089397386,0.25714782,0.036352623,0.036014,0.062436692,0.18963243,0.0139683,0.92489654,0.07115435,0.9298029,0.03130084,0.02912612,7.2372124e-05
1.9000000000000001,m,0.13620952,0.91526294,0.24377638,0.06335188,0.24957387,0.08936257,0.970309,0.2962908,0.08316869,0.5806134,0.04130329,0.051927384,0.09485506,0.23324881,0.027648116,0.80151635,0.080373645,0.9409325,0.077743895,0.048894286,0.00037162585
1.9100000000000001,p,0.1459397,0.9125896,0.27722862,0.04852048,0.2221116,0.07057356,0.93482137,0.69053406,0.16342281,0.8711399,0.064986095,0.060997415,0.13849793,0.30311346,0.054950498,0.47747666,0.059359815,0.94708735,0.26266363,0.104589,0.001871923
1.92,p,0.11784656,0.9442891,0.17918722,0.031790096,0.14379947,0.03787548,0.82131785,0.93607676,0.13046601,0.97197443,0.09489623,0.09969919,0.09931871,0.36936015,0.06871506,0.1444041,0.054185726,0.9638242,0.53565973,0.16817494,0.008658974
1.93,p,0.021907765,0.98396945,0.03236565,0.009636309,0.029259088,0.006118805,0.14836012,0.99002564,0.03745413,0.99504447,0.11492697,0.113632746,0.03611678,0.35157084,0.087978184,0.017583752,0.0723407,0.9829758,0.77847046,0.121922776,0.009798369
1.94,p,0.010946446,0.99266607,0.012023572,0.006590053,0.01784847,0.006963809,0.015372917,0.9935975,0.011531377,0.9950053,0.13268965,0.16189265,0.030650834,0.4186255,0.10115277,0.007736163,0.11896077,0.9775055,0.86599636,0.1016505,0.0037128117
1.95,p,0.047355987,0.97473747,0.07781575,0.006256094,0.07594241,0.037701894,0.0061517563,0.9851771,0.03916215,0.9855589,0.13973372,0.18562648,0.0392521,0.48049688,0.095276624,0.023048589,0.21292575,0.9682626,0.8195926,0.14505646,0.0035058882
1.96,p,0.31804737,0.80899197,0.53453374,0.013560408,0.42750403,0.20604128,0.012141495,0.9231075,0.21563533,0.95406777,0.19260333,0.15884425,0.04092281,0.4613427,0.15168901,0.17737682,0.23492672,0.94862074,0.6053683,0.14678931,0.0013807907
1.97,w,0.83549327,0.21004046,0.93724585,0.034843966,0.8740394,0.3628595,0.007375741,0.41333142,0.44558695,0.61452526,0.13995954,0.09374365,0.013864724,0.44218853,0.06720981,0.7300201,0.056964684,0.7073534,0.20396172,0.068105854,0.0004597933
1.98,w,0.94503564,0.08907176,0.9669027,0.076911286,0.93307,0.38612217,0.009785133,0.152313,0.69851935,0.23884243,0.119614094,0.066465326,0.015537227,0.33838454,0.037419155,0.9245259,0.010533524,0.29830724,0.09798011,0.05571238,0.00075538334
1.99,w,0.9486235,0.08540643,0.9572499,0.17459336,0.9316768,0.40507603,0.026370468,0.1324602,0.7323227,0.1277025,0.16676652,0.06749817,0.053378724,0.36224073,0.050778955,0.93218875,0.011231188,0.12459702,0.12216663,0.07737652,0.004073879
2.0,a,0.8977623,0.15951748,0.8777582,0.46766707,0.9087215,0.23991795,0.10981224,0.21724959,0.9270212,0.18573761,0.37295473,0.19694637,0.24663147,0.44861192,0.16281068,0.8734108,0.08882899,0.11334296,0.27344772,0.26337713,0.008788292
2.0100000000000002,a,0.9149375,0.14839518,0.9222783,0.3397919,0.93528634,0.15033326,0.118380964,0.18247037,0.937606,0.2554629,0.2360948,0.16426818,0.18665265,0.39963737,0.06513497,0.88938576,0.09742469,0.11566379,0.17553166,0.2983926,0.020237988
2.02,N,0.8811989,0.22577494,0.92314136,0.24674179,0.91611856,0.13989298,0.19026726,0.3424759,0.92669773,0.40765417,0.19418633,0.25902268,0.20127071,0.4646367,0.058204167,0.81659025,0.17004554,0.26002452,0.23014787,0.55201465,0.052175086
2.0300000000000002,N,0.82335746,0.2803763,0.90181065,0.13849962,0.8747669,0.15226677,0.33486834,0.44152105,0.90283626,0.5375945,0.20627926,0.21787532,0.21513125,0.52396923,0.0740112,0.77835,0.13790575,0.4052475,0.20176265,0.60955936,0.03196459
2.04,N,0.76298237,0.34832224,0.86977905,0.13213134,0.8197721,0.18116155,0.4800513,0.5132243,0.8583979,0.607728,0.17788436,0.17274244,0.2514494,0.53486055,0.04410276,0.75774693,0.10097003,0.3630837,0.19392633,0.70108354,0.031679355
2.05,N,0.6131526,0.5462914,0.7698563,0.1360819,0.6828286,0.18798773,0.4752338,0.7141183,0.7192281,0.76971513,0.1298231,0.1515859,0.28416935,0.57773477,0.02096678,0.5861852,0.11967987,0.3588521,0.30484322,0.86415964,0.08142348
2.06,N,0.35364088,0.73792297,0.5193203,0.112364985,0.45966652,0.21121415,0.4704163,0.86728364,0.39027533,0.88265556,0.100808576,0.21482326,0.30069622,0.5726233,0.0151877515,0.29187295,0.15056111,0.2843812,0.45461524,0.9499449,0.18589878
2.07,N,0.18885154,0.86884326,0.31172174,0.099919684,0.27758855,0.17667666,0.3033917,0.9397275,0.15610509,0.94031084,0.080259904,0.23779029,0.2233659,0.44902766,0.01585079,0.13455418,0.18967985,0.24834843,0.40310803,0.970354,0.15484817
2.08,k,0.097437344,0.9328026,0.1554619,0.06046906,0.14671905,0.086820506,0.15545684,0.97189385,0.09990347,0.9768954,0.06760183,0.24418679,0.12672071,0.32021198,0.013296509,0.065503895,0.15526375,0.26022318,0.27523044,0.9840885,0.06293056
2.09,k,0.0538852,0.9627154,0.080677666,0.037254114,0.086076014,0.038895845,0.044821348,0.9854175,0.087250575,0.9876251,0.045162164,0.21969408,0.06264432,0.22641261,0.008330766,0.030753933,0.13133153,0.25329652,0.21518004,0.98965824,0.033036042
2.1,k,0.031117342,0.9792063,0.049729723,0.022194915,0.05708613,0.016466862,0.011203728,0.99040884,0.07958066,0.99163455,0.0324737,0.22992893,0.033004403,0.1672986,0.006133937,0.0153274415,0.14499319,0.2930253,0.19150257,0.9931828,0.020133002
2.11,k,0.017704189,0.98695356,0.03485052,0.017471142,0.029849917,0.011158674,0.0030869863,0.9928482,0.045108728,0.99341387,0.03343471,0.24615961,0.022247752,0.14287381,0.006060727,0.007526212,0.17394522,0.3760952,0.23378271,0.9942825,0.016229855
2.12,k,0.03396186,0.98259634,0.051974677,0.031401817,0.04101854,0.03543805,0.0034589272,0.9891583,0.046934545,0.99170953,0.047224175,0.22984149,0.029925069,0.18582612,0.010064819,0.012767106,0.1489248,0.47649726,0.28526342,0.9910891,0.010466385
2.13,k,0.13486114,0.92402536,0.23103398,0.08429041,0.12851366,0.2556046,0.012497435,0.96807575,0.056043055,0.97728896,0.084522106,0.18753515,0.06437409,0.23591715,0.017148187,0.06654028,0.11635297,0.39020613,0.45298144,0.97846735,0.02582513
2.14,w,0.6105843,0.49425843,0.73711246,0.18103151,0.65092874,0.403412,0.023774715,0.7553956,0.08813775,0.7352894,0.07582773,0.10167494,0.11917224,0.42558777,0.016476264,0.53943014,0.04197296,0.2066365,0.28457087,0.86701375,0.041382656
2.15,w,0.9097614,0.14658621,0.8933128,0.36327705,0.88283163,0.45560452,0.03831224,0.16268404,0.14434923,0.1930166,0.034315538,0.041391313,0.17215379,0.35024908,0.003997716,0.89447314,0.016373131,0.048841253,0.11616027,0.3716715,0.08901345
2.16,o,0.9450364,0.12217586,0.88470036,0.36054677,0.9154727,0.3538359,0.10091309,0.05769527,0.13338853,0.1079252,0.031809825,0.03180104,0.28986713,0.2765156,0.0007791314,0.9170055,0.013925192,0.030127915,0.028211402,0.18380696,0.09149106
2.17,o,0.8705899,0.20132634,0.87113804,0.35781646,0.8506536,0.4031532,0.40997946,0.07653613,0.112016805,0.1551478,0.061470244,0.07019195,0.4415999,0.24343765,0.000516398,0.8361002,0.05251992,0.10364244,0.048737306,0.20289679,0.24823089
2.18,o,0.6641311,0.3131474,0.8141268,0.18174338,0.73257685,0.38950312,0.6638228,0.165335,0.075799935,0.21644376,0.120796874,0.19146119,0.38369256,0.274484,0.0012911656,0.6488684,0.17214951,0.3019008,0.14483999,0.20485291,0.587645
2.19,o,0.5057043,0.3502787,0.7354326,0.11360817,0.6369374,0.31342757,0.74232656,0.19907963,0.045040485,0.23206864,0.13378412,0.2051375,0.29387742,0.29078966,0.0012209557,0.5073981,0.22574367,0.39174756,0.20178597,0.20669617,0.7409215
2.2,N,0.362464,0.39560404,0.63347846,0.09962088,0.50432533,0.3001077,0.8090045,0.20548102,0.026860066,0.2369717,0.121123664,0.17771535,0.25248575,0.21946846,0.00053118373,0.43687472,0.2046229,0.44362056,0.20515634,0.2197071,0.8114315
2.21,N,0.24263613,0.39437148,0.51147634,0.09600458,0.365231,0.26470888,0.8210021,0.2307124,0.024924245,0.27796733,0.09933184,0.16706116,0.2506751,0.18099803,0.00030677585,0.34459364,0.19880639,0.43621555,0.23578696,0.25657007,0.87788916
2.22,N,0.1558847,0.37316853,0.35256445,0.088993646,0.2217355,0.22748803,0.808273,0.30296484,0.025166,0.3723224,0.09591931,0.15255027,0.248715,0.1509426,0.00032548982,0.25776643,0.17084418,0.43893927,0.31348428,0.35517976,0.91649616
2.23,<p:>,0.13713238,0.3482489,0.30736503,0.07182707,0.18827757,0.19993427,0.766335,0.38321495,0.040968046,0.4693278,0.09001317,0.17970344,0.21316078,0.14479291,0.00039489495,0.19481415,0.17299438,0.41770723,0.38536298,0.43230814,0.9237666
2.24,<p:>,0.13415584,0.3329344,0.33278498,0.042329364,0.1985984,0.16896212,0.6254714,0.44902194,0.0575539,0.55243695,0.0670476,0.23608111,0.13206199,0.13150313,0.0003404613,0.15226506,0.18206434,0.31595236,0.40475187,0.5210835,0.9158992
2.25,<p:>,0.1358025,0.3474676,0.3334276,0.029394055,0.19871677,0.17112795,0.47795978,0.48457634,0.05498274,0.5757747,0.05580942,0.2674622,0.08528347,0.11753944,0.00026170805,0.13920966,0.19308557,0.20547944,0.35412914,0.5717433,0.91196525
2.2600000000000002,<p:>,0.12714572,0.3296285,0.28596166,0.02905916,0.16310392,0.20119944,0.40719187,0.47810867,0.051437553,0.5599268,0.05681329,0.28227162,0.08092092,0.12663683,0.00023082607,0.120909445,0.2111322,0.14419343,0.34196317,0.57555217,0.91657376
2.27,<p:>,0.11676863,0.29026762,0.22539105,0.031047778,0.12156692,0.21757863,0.31581238,0.47299618,0.04373791,0.55143404,0.046328083,0.24052103,0.071509704,0.120257884,0.00020313683,0.09618814,0.19747174,0.104357556,0.33596432,0.5776991,0.9216962
2.2800000000000002,<p:>,0.10214025,0.2683088,0.15571825,0.05302244,0.07117987,0.23559216,0.25936154,0.5316717,0.031207075,0.60068464,0.038079765,0.1839412,0.0626838,0.09903062,0.00024562553,0.068214096,0.18801029,0.09138967,0.38767618,0.6206259,0.92509073
2.29,<p:>,0.10589058,0.36910987,0.15353829,0.06388598,0.057142347,0.26997477,0.2562902,0.6674791,0.028637253,0.73990417,0.039979275,0.2140844,0.06041953,0.09787535,0.00051416777,0.06322858,0.24763826,0.105386406,0.46489048,0.7587263,0.8849448
2.3000000000000003,<p:>,0.07603597,0.57761353,0.10997369,0.049468838,0.03593673,0.19088084,0.19436963,0.8373104,0.021966558,0.8828451,0.042529706,0.24040209,0.050894357,0.08957245,0.0009969063,0.04204285,0.31544998,0.14059153,0.5268766,0.87849975,0.78333277
2.31,k,0.026137805,0.826481,0.04460217,0.023204282,0.014490567,0.056276068,0.10046571,0.9536149,0.010340921,0.9529988,0.07306458,0.3856666,0.045302957,0.10638585,0.005769681,0.017701907,0.5419906,0.21115048,0.7247864,0.9219078,0.5669967
