time,phoneme,target_plosives,non_target_plosives,target_vowels,vocalic
0.0,m,0.64885074,0.6735539,0.13259895,0.29587135
0.01,m,0.45991457,0.70868576,0.15906538,0.22068508
0.02,m,0.2158899,0.6916346,0.2281675,0.29663277
0.03,w,0.09017846,0.6751565,0.33284926,0.5500654
0.04,w,0.044703323,0.65285057,0.3857472,0.7365513
0.05,w,0.018213252,0.4664737,0.31404084,0.8456391
0.06,w,0.011063523,0.26131827,0.30080312,0.87672937
0.07,w,0.012730707,0.100097604,0.191118,0.7967135
0.08,w,0.021149546,0.047148604,0.061599605,0.6538914
0.09,s,0.054520868,0.04020722,0.018073887,0.35253698
0.1,s,0.1524577,0.038004763,0.00928754,0.09464283
0.11,s,0.4651695,0.046482913,0.010738838,0.039645914
0.12,s,0.83998823,0.040186968,0.017713584,0.032221835
0.13,t,0.9576784,0.044879314,0.021973275,0.024182247
0.14,t,0.9870248,0.042603604,0.014440752,0.0067845187
0.15,t,0.9950542,0.05724364,0.022595,0.005485811
0.16,t,0.99345976,0.06930343,0.052619748,0.014359708
0.17,t,0.9792844,0.06775487,0.34108654,0.122008026
0.18,t,0.8977277,0.06585112,0.88134736,0.6187346
0.19,a,0.36085233,0.029987942,0.9797632,0.9473357
0.2,a,0.08333194,0.027578685,0.98303473,0.98695403
0.21,a,0.023373304,0.034206834,0.98585004,0.98960173
0.22,a,0.009176774,0.075945586,0.98637044,0.9850283
0.23,a,0.0066683404,0.12652235,0.9813866,0.97408557
0.24,a,0.008608021,0.14037429,0.9813625,0.9597709
0.25,a,0.013047695,0.12112948,0.98190075,0.94042957
0.26,a,0.11951584,0.08828888,0.9752289,0.8715777
0.27,k,0.74230105,0.06804974,0.9435496,0.78346616
0.28,k,0.89035326,0.039851688,0.84442854,0.56388456
0.29,k,0.9332545,0.026672693,0.68488884,0.3575476
0.3,k,0.9581485,0.019256696,0.5266435,0.21082759
0.31,k,0.97949594,0.017692456,0.34203684,0.119494714
0.32,k,0.992856,0.016811643,0.1170104,0.036457416
0.33,k,0.99796903,0.01225661,0.07447894,0.0099220285
0.34,k,0.9985115,0.010915072,0.07706015,0.00796259
0.35000000000000003,k,0.9987322,0.013442235,0.061918613,0.0064122984
0.36,k,0.9979166,0.026967527,0.035874296,0.009576855
0.37,k,0.9913117,0.04473144,0.090579726,0.051830903
0.38,k,0.8943946,0.056758672,0.5418661,0.42704153
0.39,k,0.5521352,0.0664634,0.80561745,0.7510592
0.4,a,0.23545633,0.46679413,0.9208884,0.8628862
0.41000000000000003,a,0.06692604,0.38189143,0.934445,0.90754366
0.42,a,0.02465657,0.31806335,0.90632623,0.91388774
0.43,a,0.014121373,0.20078637,0.86876523,0.9030982
0.44,a,0.050741296,0.15481906,0.8067799,0.86043125
0.45,p,0.7908186,0.122122824,0.7484214,0.66547596
0.46,p,0.9365498,0.10829573,0.51570505,0.5082491
0.47000000000000003,p,0.96669644,0.0830437,0.42696428,0.30881023
0.48,p,0.97846466,0.07631668,0.29207206,0.17285602
0.49,p,0.9866787,0.08460469,0.16515093,0.09450608
0.5,p,0.99151325,0.09242382,0.10611965,0.05719719
0.51,p,0.99217993,0.10572934,0.050729673,0.036237523
0.52,p,0.978695,0.13349761,0.03265674,0.087247476
0.53,w,0.93054926,0.12090976,0.058299568,0.37612164
0.54,w,0.6083736,0.07664546,0.0436952,0.8620559
0.55,w,0.093501784,0.058819953,0.02376698,0.9562205
0.56,w,0.017622888,0.07044105,0.038984515,0.96151835
0.5700000000000001,w,0.016150357,0.080942705,0.12771328,0.9305081
0.58,l,0.056686714,0.07156039,0.14455312,0.8727863
0.59,l,0.29546884,0.06128027,0.05356816,0.72240686
0.6,l,0.67999876,0.040950175,0.016758323,0.37213904
0.61,k,0.9083215,0.023904704,0.015239166,0.21365963
0.62,k,0.95039123,0.018573573,0.018260328,0.10666092
0.63,k,0.96958137,0.022243652,0.021058451,0.061040204
0.64,k,0.98442006,0.019548787,0.02370914,0.043123707
0.65,k,0.99471384,0.014131611,0.035776887,0.022217907
0.66,k,0.9976691,0.013261128,0.028836444,0.008200745
0.67,k,0.9984988,0.015836427,0.034031697,0.0061598537
0.68,t,0.9985407,0.020248843,0.033548858,0.0057603284
0.6900000000000001,t,0.9970274,0.027588353,0.08407227,0.019178193
0.7000000000000001,t,0.9690333,0.0312102,0.58549696,0.22715487
0.71,a,0.6073366,0.026677988,0.92629874,0.8674448
0.72,a,0.17756365,0.05424673,0.9709596,0.96995586
0.73,a,0.04648683,0.12836109,0.9693392,0.9757692
0.74,a,0.014385892,0.18429047,0.9747465,0.9705781
0.75,a,0.004293648,0.273377,0.97616893,0.95826185
0.76,a,0.0025733488,0.28950134,0.97897667,0.9428794
0.77,a,0.0038748384,0.31483442,0.97374094,0.89705265
0.78,a,0.020201959,0.5382156,0.9145239,0.6827596
0.79,a,0.19092858,0.7570553,0.75442,0.48574674
0.8,t,0.7244324,0.15287594,0.22392192,0.29402545
0.81,t,0.85734236,0.08656828,0.08550779,0.17947651
0.8200000000000001,t,0.90594316,0.0643278,0.05619224,0.13692057
0.8300000000000001,t,0.9479727,0.068128765,0.065024726,0.092480905
0.84,t,0.97905934,0.08366401,0.06463369,0.04214196
0.85,t,0.991017,0.08283569,0.034479313,0.014351605
0.86,t,0.9952492,0.07113594,0.032468,0.008425414
0.87,t,0.99511397,0.091997564,0.030439101,0.009590868
0.88,t,0.98414606,0.09373254,0.14898558,0.08177015
0.89,t,0.8447118,0.06432866,0.6568804,0.57687664
0.9,a,0.43667063,0.049985573,0.89702314,0.88261074
0.91,a,0.112407014,0.09492719,0.89341736,0.9401392
0.92,a,0.03799887,0.17937331,0.8808533,0.9425718
0.93,a,0.013093774,0.23398693,0.9047722,0.9332294
0.9400000000000001,a,0.011011219,0.23942912,0.9349995,0.9166159
0.9500000000000001,a,0.016034978,0.34920472,0.91238266,0.82874095
0.96,B,0.16057815,0.65149266,0.7604423,0.4979202
0.97,B,0.52871954,0.87408364,0.345059,0.26171717
0.98,B,0.7108798,0.9362564,0.12919149,0.12456652
0.99,B,0.784198,0.9629295,0.043087564,0.07176463
1.0,B,0.76672375,0.97104216,0.045249388,0.071785785
1.01,B,0.5958003,0.9580224,0.06870835,0.12398621
1.02,w,0.16750145,0.9178464,0.104940705,0.23537949
1.03,w,0.027171046,0.88990164,0.11403647,0.35215014
1.04,w,0.010823665,0.86877996,0.16212176,0.49514312
1.05,w,0.006632021,0.80565107,0.3160413,0.67800003
1.06,w,0.0046664067,0.6104337,0.39861804,0.7908368
1.07,e,0.00354074,0.21627155,0.36545122,0.9298455
1.08,e,0.0052228947,0.07069891,0.36568657,0.95916283
1.09,e,0.011874076,0.055588778,0.4110218,0.925345
1.1,tS,0.06118914,0.06470887,0.48183516,0.75337434
1.11,tS,0.46663803,0.08321841,0.48785445,0.54188234
1.12,tS,0.75774115,0.07580448,0.3900747,0.39088368
1.1300000000000001,tS,0.8404872,0.06239201,0.24473819,0.28620327
1.1400000000000001,tS,0.905439,0.060091253,0.08623241,0.20244919
1.1500000000000001,tS,0.9305752,0.06336996,0.026821127,0.14414966
1.16,tS,0.9562791,0.0665,0.0089846905,0.047327172
1.17,tS,0.970607,0.058549196,0.007415955,0.015456962
1.18,tS,0.97412634,0.10351392,0.026954057,0.026631795
1.19,tS,0.95520395,0.11852001,0.12085509,0.09039517
1.2,t,0.76387393,0.48715296,0.25860396,0.21912834
1.21,t,0.6931059,0.73536366,0.45374215,0.5315471
1.22,e,0.35723436,0.7098949,0.5917574,0.7438017
1.23,e,0.0917482,0.4227457,0.72838885,0.8877136
1.24,a,0.024906235,0.23073359,0.7864839,0.94053304
1.25,a,0.010689381,0.19366978,0.801123,0.94584006
1.26,r,0.007556079,0.14050712,0.8144525,0.92187303
1.27,r,0.010255928,0.09226463,0.83933663,0.8209268
1.28,r,0.023526656,0.06502579,0.6864822,0.47333398
1.29,r,0.09747829,0.06374088,0.39791217,0.20800087
1.3,k,0.4764028,0.077597104,0.19205594,0.116895325
1.31,k,0.79323417,0.06810285,0.12899117,0.07254104
1.32,k,0.90376407,0.05211128,0.08271919,0.050966796
1.33,k,0.9365705,0.038595114,0.04033067,0.038636178
1.34,k,0.9652257,0.03205275,0.020002175,0.030710703
1.35,k,0.98949933,0.02508114,0.011269037,0.015306836
1.36,k,0.99787986,0.022933448,0.012107165,0.004921644
1.37,k,0.998636,0.02025312,0.014847402,0.0036699222
1.3800000000000001,k,0.9988304,0.015655791,0.021999257,0.0038507222
1.3900000000000001,k,0.9987941,0.01542758,0.021152789,0.003954768
1.4000000000000001,k,0.99792004,0.02823888,0.019723488,0.013320202
1.41,k,0.9872001,0.042453364,0.065557666,0.117164835
1.42,k,0.8249742,0.027565822,0.2784457,0.6451943
1.43,e,0.28814253,0.027523518,0.49228516,0.87555116
1.44,e,0.0797952,0.060058642,0.4689303,0.8922902
1.45,e,0.020363817,0.15870358,0.5520729,0.8518427
1.46,e,0.01349881,0.23629873,0.64547724,0.78691906
1.47,m,0.03484767,0.27342552,0.63286424,0.6514392
1.48,m,0.28598207,0.39932704,0.42831755,0.39906654
1.49,m,0.79733133,0.6140613,0.26109162,0.26442912
1.5,m,0.9166557,0.6385474,0.14676644,0.13590759
1.51,p,0.9517109,0.5598526,0.054009296,0.06273047
1.52,p,0.96010727,0.5919384,0.040839326,0.040784564
1.53,B,0.93150043,0.7031071,0.041402675,0.079512276
1.54,B,0.7756869,0.7807803,0.08474208,0.24125697
1.55,B,0.21593387,0.7038484,0.09432352,0.44854516
1.56,B,0.05951938,0.72996247,0.09098156,0.49988854
1.57,B,0.0409044,0.7853533,0.12761647,0.6272112
1.58,B,0.036723394,0.7542,0.1727539,0.72499627
1.59,e,0.037814725,0.67089134,0.14505044,0.75769913
1.6,e,0.03169478,0.33667383,0.353861,0.9137824
1.61,e,0.013402669,0.082127206,0.25559348,0.9373758
1.62,e,0.023717064,0.040832773,0.12976834,0.8005956
1.6300000000000001,tS,0.07425972,0.03640951,0.07307228,0.51762336
1.6400000000000001,tS,0.27878356,0.039654616,0.03258263,0.45204377
1.6500000000000001,tS,0.56223315,0.041061502,0.017896447,0.29365483
1.6600000000000001,tS,0.705329,0.046575494,0.012621419,0.16150191
1.67,tS,0.7393957,0.041355655,0.006977585,0.07979503
1.68,tS,0.76103395,0.031334173,0.0043041795,0.020677859
1.69,tS,0.803415,0.02996177,0.0054913685,0.011897586
1.7,tS,0.8092488,0.030798037,0.010388569,0.011068448
1.71,tS,0.7621371,0.03879213,0.025015961,0.01643123
1.72,tS,0.69696766,0.065054886,0.14549266,0.08563725
1.73,tS,0.57156307,0.06498914,0.5749,0.42791417
1.74,tS,0.3743134,0.034916364,0.8601479,0.8588858
1.75,e,0.0522625,0.029777652,0.87862283,0.97813374
1.76,e,0.0045088683,0.04810933,0.8540381,0.9786779
1.77,a,0.0033909532,0.05758078,0.8913281,0.94643164
1.78,a,0.008994958,0.05458707,0.9063165,0.8010464
1.79,a,0.052896973,0.054104924,0.86749196,0.51102597
1.8,a,0.40026492,0.061695203,0.8010825,0.35412005
1.81,t,0.78393805,0.07326946,0.57158595,0.2339525
1.82,t,0.8872687,0.063630685,0.41216072,0.15942775
1.83,t,0.9224524,0.048668873,0.3208493,0.10937915
1.84,t,0.9464021,0.042659156,0.24049757,0.07460053
1.85,t,0.97561467,0.04685901,0.13444471,0.039342068
1.86,t,0.98981386,0.05261229,0.07588016,0.017187532
1.87,t,0.9949592,0.05506845,0.04285148,0.007634894
1.8800000000000001,t,0.9967979,0.06862521,0.04796248,0.0076840804
1.8900000000000001,t,0.995819,0.07640397,0.03442285,0.014707786
1.9000000000000001,t,0.976959,0.08106659,0.13130978,0.13615772
1.9100000000000001,t,0.7604364,0.060946796,0.44029608,0.6602395
1.92,a,0.27873427,0.045852352,0.7145148,0.8885069
1.93,a,0.030034114,0.09039152,0.6394603,0.9507412
1.94,a,0.007299547,0.17719565,0.60264987,0.9338472
1.95,a,0.0049381657,0.20468025,0.67831385,0.88228416
1.96,l,0.00534175,0.16714744,0.7748026,0.7553355
1.97,l,0.012779698,0.18595165,0.65605754,0.44259098
1.98,l,0.11688687,0.35628384,0.34897518,0.21538164
1.99,l,0.40496758,0.603149,0.1881975,0.1732472
2.0,p,0.76618075,0.5127449,0.07176828,0.31243974
2.0100000000000002,p,0.89605695,0.4798842,0.04287368,0.17924285
2.02,p,0.95941335,0.41400656,0.02855775,0.07376029
2.0300000000000002,p,0.9787817,0.41655925,0.02252111,0.03959534
2.04,p,0.9683877,0.54954946,0.025046162,0.07136276
2.05,p,0.93011814,0.574697,0.06548818,0.2930059
2.06,w,0.66233706,0.45905274,0.057282872,0.75035506
2.07,w,0.14633456,0.24790071,0.03775542,0.9274597
2.08,w,0.026638584,0.13189986,0.064180605,0.9529933
2.09,w,0.010950184,0.09537593,0.12788989,0.9465658
2.1,w,0.012352775,0.069375016,0.14085679,0.87427527
2.11,l,0.025011586,0.06541182,0.09277858,0.6528865
2.12,l,0.05012549,0.04886474,0.03789432,0.41058895
2.13,l,0.16997759,0.051325724,0.017065726,0.2071785
2.14,l,0.6912402,0.042196095,0.014373274,0.11531113
2.15,tS,0.8485356,0.033451725,0.011478451,0.07359957
2.16,tS,0.91342425,0.038188677,0.010098588,0.056258015
2.17,tS,0.95055497,0.042932954,0.0067367335,0.030111909
2.18,tS,0.9742216,0.039948486,0.0044995933,0.008104836
2.19,tS,0.9867324,0.04713321,0.010212303,0.0056136544
2.2,t,0.991561,0.05398932,0.022347609,0.0079366155
2.21,t,0.99106514,0.056298308,0.03742743,0.012264828
2.22,t,0.98267186,0.06678123,0.12861347,0.04698508
2.23,t,0.8913152,0.06753338,0.59787554,0.38275832
2.24,a,0.5867891,0.048843168,0.8935403,0.8496363
2.25,a,0.12695082,0.05145046,0.94590276,0.97675323
2.2600000000000002,a,0.010635579,0.08476134,0.9442006,0.98484945
2.27,a,0.0023744495,0.10487595,0.9356288,0.97562873
2.2800000000000002,a,0.0028557954,0.065528035,0.9208978,0.9185538
2.29,l,0.015676446,0.05749168,0.85597724,0.6406043
2.3000000000000003,l,0.29287183,0.09916696,0.6979648,0.3087737
2.31,k,0.77230054,0.11613177,0.49464393,0.20986396
2.32,k,0.8969911,0.088744275,0.2963518,0.120448455
2.33,k,0.9214379,0.05596216,0.15743619,0.083082974
2.34,k,0.95556927,0.04266955,0.09386566,0.059302732
2.35,k,0.9885038,0.04874213,0.05704948,0.027993273
2.36,k,0.99677724,0.04697458,0.034785893,0.00860634
2.37,k,0.99794585,0.058668874,0.0327898,0.0067574913
2.38,k,0.9969689,0.08948296,0.06881591,0.013289134
2.39,k,0.9865298,0.11138073,0.15141042,0.08622494
2.4,D,0.52903634,0.6724456,0.74755746,0.5951151
2.41,D,0.26051298,0.80826086,0.7441692,0.64836776
2.42,D,0.10108293,0.77182657,0.7579465,0.7157291
2.43,a,0.05024726,0.60174793,0.8005635,0.79832995
2.44,a,0.03292039,0.34767997,0.83553684,0.85927725
2.45,a,0.02070642,0.18510729,0.85349816,0.88560647
2.46,a,0.021167634,0.11994105,0.86580604,0.84900904
2.47,a,0.15506744,0.107096754,0.8177845,0.7435417
2.48,p,0.7929371,0.11093696,0.6397096,0.48420888
2.49,p,0.90643203,0.12021976,0.44347358,0.3669546
2.5,p,0.93162555,0.120772675,0.25634503,0.22759506
2.5100000000000002,p,0.95184034,0.10253238,0.18175931,0.14174607
2.52,p,0.9680209,0.091967136,0.14425375,0.08955574
2.5300000000000002,p,0.9792228,0.09148244,0.10973323,0.062744156
2.54,p,0.9834878,0.10326137,0.082237706,0.04651923
2.5500000000000003,p,0.9755373,0.13528822,0.06465262,0.06176425
2.56,p,0.9272267,0.13721046,0.13910836,0.2665139
2.57,w,0.7281936,0.08389041,0.17615001,0.7378401
2.58,w,0.15965015,0.034482587,0.17737702,0.9173526
2.59,w,0.027639689,0.025951944,0.2785388,0.9495998
2.6,w,0.04143798,0.026173113,0.26601943,0.92638975
2.61,w,0.14959598,0.035827618,0.15211123,0.81750286
2.62,w,0.49615464,0.035618275,0.06986864,0.435187
2.63,k,0.8517186,0.021868747,0.047763407,0.17483261
2.64,k,0.9133436,0.018217362,0.050863348,0.121026576
2.65,k,0.9401983,0.015564485,0.056207363,0.10454945
2.66,k,0.9617423,0.015224676,0.04191627,0.077896155
2.67,k,0.97665083,0.017269688,0.0224146,0.050000656
2.68,k,0.99093646,0.0136934705,0.01014821,0.018896252
2.69,k,0.9969296,0.01253205,0.019159194,0.0095524
2.7,k,0.9972455,0.016655117,0.036506966,0.009526827
2.71,t,0.99728256,0.017533496,0.057370014,0.010528112
2.72,t,0.99709976,0.019947875,0.060970813,0.011000438
2.73,t,0.99322194,0.028018959,0.12560888,0.030460594
2.74,t,0.94331545,0.036625225,0.5855377,0.26131886
2.75,a,0.5065957,0.027528076,0.9143586,0.8577256
2.7600000000000002,a,0.1367793,0.04216558,0.9490781,0.97045666
2.77,a,0.056901578,0.16217613,0.91982067,0.95374984
2.7800000000000002,a,0.017294727,0.29590347,0.9242442,0.8911083
2.79,a,0.026406154,0.4789071,0.902326,0.7739318
2.8000000000000003,N,0.06652894,0.1698871,0.7483201,0.8773896
2.81,N,0.12927397,0.09313236,0.6938045,0.79310405
2.82,k,0.5154332,0.0869698,0.494891,0.47871566
2.83,k,0.85971814,0.051164657,0.24449031,0.2740188
2.84,k,0.9219592,0.02828275,0.11604275,0.1696203
2.85,k,0.95405823,0.02119209,0.054885622,0.10152962
2.86,k,0.97781444,0.016626412,0.033899695,0.057892527
2.87,k,0.99263614,0.0119707165,0.018615825,0.025690153
2.88,k,0.9972769,0.010159349,0.012549564,0.007868229
2.89,k,0.9975909,0.009802899,0.014638232,0.006094511
2.9,k,0.9977469,0.009431718,0.020182678,0.0057487334
2.91,k,0.997961,0.010675452,0.021196581,0.0045957128
2.92,k,0.9974718,0.020513356,0.030973475,0.009799373
2.93,k,0.988074,0.03366734,0.18394046,0.077945106
2.94,k,0.89665157,0.035909582,0.7694502,0.47306475
2.95,a,0.46432468,0.03867199,0.95218426,0.893104
2.96,a,0.17906901,0.104141705,0.96516526,0.9521022
2.97,a,0.07319786,0.18753964,0.9639244,0.959471
2.98,a,0.01656251,0.16981901,0.9711376,0.96392924
2.99,a,0.005282677,0.11707297,0.9698852,0.96317875
3.0,a,0.0112438565,0.1277208,0.94766057,0.92772585
3.0100000000000002,a,0.4821015,0.3005897,0.8764617,0.659791
3.02,p,0.8679923,0.4889419,0.7203906,0.3956045
3.0300000000000002,p,0.9101015,0.64037126,0.47423398,0.21439897
3.04,p,0.9519022,0.71580255,0.18728982,0.08481595
3.0500000000000003,p,0.9725846,0.723353,0.051426187,0.030813495
3.06,p,0.9655653,0.8247843,0.01799761,0.02984395
3.0700000000000003,p,0.95975864,0.722393,0.107306436,0.096402176
3.08,w,0.8753908,0.6443077,0.26390103,0.48524514
3.09,w,0.31452185,0.40359202,0.2619488,0.8868041
3.1,w,0.026601998,0.17188281,0.25366426,0.9271492
3.11,w,0.009585131,0.07478964,0.4089425,0.954304
3.12,e,0.015828932,0.03392053,0.38567245,0.94323283
3.13,e,0.07320582,0.029110635,0.35845277,0.8310487
3.14,tS,0.40359116,0.037928835,0.2929399,0.56350124
3.15,tS,0.7610933,0.04374279,0.21315122,0.43300077
3.16,tS,0.8925122,0.05408726,0.13319823,0.24048813
3.17,tS,0.91028225,0.06252735,0.07113962,0.14542216
3.18,tS,0.9251129,0.075808264,0.024981638,0.06419688
3.19,tS,0.9195558,0.11026959,0.02260613,0.06575583
3.2,f,0.71058315,0.09488694,0.06983327,0.06415157
3.21,f,0.7899801,0.077747755,0.07642705,0.051371597
3.22,f,0.7767302,0.07863602,0.057853516,0.07086835
3.23,x,0.6743447,0.10535029,0.056382243,0.1288027
3.24,x,0.506911,0.13226882,0.1377664,0.4423734
3.25,u,0.30523267,0.069568135,0.19559911,0.8461996
3.2600000000000002,u,0.035153173,0.051147193,0.26977307,0.9572145
3.27,u,0.006264925,0.06398762,0.35480776,0.96368814
3.2800000000000002,N,0.005611547,0.07939165,0.42265207,0.9130728
3.29,N,0.012307236,0.064975,0.4904964,0.6338544
3.3000000000000003,N,0.09208976,0.05346477,0.24379231,0.27017212
3.31,k,0.5059437,0.047103178,0.08184899,0.14155705
3.3200000000000003,k,0.8826873,0.04023763,0.039467078,0.086692005
3.33,k,0.92972934,0.037432853,0.0144220535,0.06356054
3.34,k,0.9595319,0.033189017,0.011837827,0.045351762
3.35,k,0.98790884,0.024366133,0.010572125,0.022337185
3.36,k,0.9974581,0.016927889,0.012156048,0.0055959504
3.37,k,0.99843186,0.013121537,0.015598535,0.0034220598
3.38,k,0.9985427,0.009869664,0.023117729,0.0033314717
3.39,k,0.9984207,0.012003742,0.01930285,0.005229383
3.4,k,0.9964308,0.025217693,0.050655834,0.032568492
3.41,k,0.97288126,0.030354751,0.36665767,0.32248235
3.42,k,0.6624076,0.016180616,0.89582545,0.84956217
3.43,a,0.09588038,0.01630312,0.955979,0.9817786
3.44,a,0.0111289015,0.026503015,0.93240285,0.98815244
3.45,a,0.0032797426,0.04024374,0.9072341,0.9823907
3.46,a,0.0039129704,0.056248583,0.90166235,0.9621616
3.47,a,0.10756714,0.05769496,0.8128356,0.87187445
3.48,p,0.8197932,0.08067561,0.7445182,0.6073777
3.49,p,0.9347218,0.09375585,0.7169133,0.42390314
3.5,p,0.98250544,0.1450805,0.34072804,0.12632433
3.5100000000000002,p,0.99451655,0.10591987,0.15044643,0.034526903
3.52,p,0.9945121,0.082191184,0.06723811,0.02151723
3.5300000000000002,p,0.98299795,0.07389185,0.07894088,0.08266859
3.54,w,0.9067226,0.060735855,0.2970788,0.4450627
3.5500000000000003,w,0.48264623,0.04062174,0.6498023,0.90596324
3.56,w,0.09326209,0.07562432,0.76380676,0.954611
3.5700000000000003,w,0.03116769,0.18389037,0.8219294,0.953303
3.58,w,0.016048886,0.31789073,0.8657658,0.92231333
3.59,w,0.03265698,0.3774056,0.8192596,0.8379264
3.6,e,0.03509997,0.07496326,0.3833785,0.9380381
3.61,e,0.056391504,0.024126232,0.2539307,0.85801446
3.62,z,0.17888503,0.04211367,0.1757443,0.48663944
3.63,z,0.24424616,0.036641378,0.04104557,0.061285466
3.64,s,0.33622873,0.043149885,0.0161396,0.022598745
3.65,s,0.8219837,0.055514768,0.034324624,0.025415437
3.66,t,0.9351088,0.042060655,0.049574956,0.037300747
3.67,t,0.9667835,0.04636258,0.044629507,0.034633167
3.68,t,0.98640305,0.0538914,0.037333176,0.019133067
3.69,t,0.9960709,0.050081152,0.021464298,0.006277156
3.7,t,0.99798703,0.050365265,0.03472205,0.006113491
3.71,t,0.99816215,0.057846475,0.049621586,0.0067863767
3.72,t,0.9962014,0.06233438,0.14677337,0.02159997
3.73,t,0.9748333,0.059405904,0.60322803,0.24783336
3.74,a,0.6628255,0.037670203,0.96091473,0.835447
3.75,a,0.1739712,0.037241578,0.9870243,0.9717825
3.7600000000000002,a,0.083169855,0.05461744,0.99070114,0.9844611
3.77,a,0.035146143,0.09884807,0.99196225,0.9847376
3.7800000000000002,a,0.010214111,0.13707937,0.9910736,0.98133606
3.79,a,0.0034309865,0.11955156,0.9892853,0.97735155
3.8000000000000003,a,0.003725445,0.062487554,0.9854842,0.96370053
3.81,a,0.019480469,0.033517838,0.9733817,0.8977014
3.8200000000000003,k,0.3201707,0.041001726,0.93880194,0.703647
3.83,k,0.8334903,0.046952523,0.80229586,0.4668066
3.84,k,0.9147329,0.035313103,0.63184094,0.26717564
3.85,k,0.95724,0.029151147,0.3725003,0.11524823
3.86,k,0.98815495,0.021152215,0.119604975,0.034074754
3.87,k,0.99752396,0.014789925,0.05140786,0.009223108
3.88,k,0.99846715,0.010273909,0.045292158,0.006064988
3.89,k,0.9988121,0.008592075,0.041322146,0.0045731263
3.9,k,0.99879277,0.011110947,0.022480875,0.003948099
3.91,k,0.99735665,0.022633975,0.031644057,0.017842084
3.92,k,0.9727684,0.032509908,0.24613166,0.1929274
3.93,o,0.5779875,0.014348085,0.76258326,0.8292939
3.94,o,0.067205176,0.012502709,0.7688249,0.9859446
3.95,o,0.0073407865,0.023434028,0.65138257,0.98857427
3.96,o,0.0041600727,0.07172671,0.7563587,0.9589261
3.97,o,0.017158117,0.17501332,0.8046854,0.8616357
3.98,o,0.50824016,0.37708628,0.69160664,0.66383755
3.99,p,0.83005637,0.31676355,0.5617466,0.40096143
4.0,p,0.88847065,0.25644082,0.06388089,0.18331403
4.01,p,0.9477613,0.25550792,0.027310023,0.07108512
4.0200000000000005,p,0.97450554,0.33524778,0.020580472,0.03612642
4.03,p,0.9833548,0.41303608,0.01799215,0.0306265
4.04,p,0.9802351,0.39165336,0.07727587,0.11912246
4.05,w,0.9403305,0.34379885,0.18845709,0.4553349
4.0600000000000005,w,0.726457,0.2909949,0.21495192,0.8617902
4.07,w,0.1851455,0.19682628,0.21643749,0.9499474
4.08,w,0.025944501,0.23839438,0.29123533,0.9587213
4.09,w,0.010464172,0.23673669,0.5190388,0.9389888
4.1,w,0.008723392,0.12703188,0.5658479,0.8699431
4.11,w,0.014036927,0.05619162,0.45106152,0.6413244
4.12,z,0.026015967,0.0363641,0.20705494,0.38753995
4.13,z,0.0496782,0.038501218,0.065633446,0.26808128
4.14,z,0.08749994,0.052772123,0.050953712,0.20482521
4.15,z,0.14647761,0.057909068,0.03814405,0.11317982
4.16,f,0.18973216,0.060000427,0.032618776,0.053558726
4.17,f,0.20960462,0.056576643,0.023718946,0.02720168
4.18,f,0.24586822,0.059340045,0.06404817,0.03086113
4.19,f,0.23327632,0.061458122,0.11652433,0.039495222
4.2,f,0.14571851,0.07523231,0.120108865,0.08470287
4.21,f,0.14377308,0.08631557,0.3552962,0.291492
4.22,f,0.16044886,0.047666624,0.41780275,0.792298
4.23,o,0.06368275,0.043177772,0.4803093,0.9746939
4.24,o,0.018213551,0.08322744,0.29568014,0.9860793
4.25,o,0.008038286,0.17038065,0.27993405,0.9803986
4.26,o,0.0055630174,0.24826293,0.3170481,0.96539694
4.2700000000000005,o,0.0035648933,0.20150737,0.38230133,0.951372
4.28,o,0.002489821,0.100893416,0.4132667,0.91449445
4.29,l,0.002390876,0.04418098,0.43201846,0.79125804
4.3,l,0.014150451,0.03321088,0.43108937,0.3982368
4.3100000000000005,l,0.4134768,0.063403204,0.40403017,0.18220234
4.32,k,0.8466033,0.07282828,0.38560158,0.15834862
4.33,k,0.9086983,0.066993274,0.36691505,0.13134275
4.34,k,0.95317525,0.064737104,0.254345,0.10539742
4.3500000000000005,k,0.9874111,0.0740315,0.114879355,0.03677261
4.36,k,0.9955731,0.06908415,0.035527647,0.008394539
4.37,k,0.9972297,0.07961626,0.03977682,0.008922559
4.38,t,0.995838,0.094140284,0.09249191,0.021968657
4.39,t,0.98405683,0.10120039,0.179088,0.10343208
4.4,t,0.32540685,0.5322185,0.870106,0.7802935
4.41,a,0.06209374,0.5383549,0.9026993,0.86852956
4.42,a,0.026800869,0.4059021,0.9096647,0.9083969
4.43,a,0.016175294,0.2699718,0.90531325,0.9097667
4.44,a,0.008777885,0.14884762,0.9234247,0.89031154
4.45,a,0.011117478,0.136844,0.88058335,0.7954881
4.46,a,0.22058772,0.19406463,0.7468898,0.510297
4.47,p,0.8801466,0.2971679,0.50712323,0.26559526
4.48,p,0.93300253,0.31452852,0.27947104,0.17724587
4.49,p,0.9549348,0.3112945,0.15529023,0.10869494
4.5,p,0.97192913,0.2759501,0.09903126,0.06413903
4.51,p,0.98266786,0.3001345,0.089852765,0.0477597
4.5200000000000005,p,0.98345417,0.36486065,0.079286925,0.04831316
4.53,p,0.9756248,0.31750506,0.24490118,0.13639045
4.54,w,0.93088,0.3392843,0.5139799,0.4187045
4.55,w,0.7279223,0.23091327,0.63145465,0.7997677
4.5600000000000005,w,0.24506818,0.17432612,0.63437885,0.9193812
4.57,w,0.033865042,0.19623199,0.67753285,0.9410252
4.58,w,0.013150473,0.2286816,0.8358856,0.95667255
4.59,a,0.009666186,0.16740027,0.8818838,0.9580481
4.6000000000000005,a,0.010971549,0.07612872,0.801877,0.92442644
4.61,a,0.047799587,0.037547175,0.6859672,0.7273596
4.62,a,0.241698,0.037558634,0.3765896,0.43075144
4.63,k,0.7115695,0.04754434,0.16131705,0.1848163
4.64,k,0.85654813,0.042602565,0.106884904,0.08594506
4.65,tS,0.8989845,0.037520483,0.06958542,0.06125961
4.66,tS,0.92256033,0.039571572,0.04367933,0.052284017
4.67,tS,0.9500068,0.031293567,0.019274885,0.024287034
4.68,tS,0.9745948,0.022264367,0.009455554,0.010024297
4.69,tS,0.9890368,0.022606319,0.02944744,0.009494681
4.7,tS,0.99067754,0.021710277,0.048739433,0.011274182
4.71,tS,0.98829734,0.029681208,0.062340803,0.019866943
4.72,t,0.96034384,0.04029278,0.24987443,0.09855814
4.73,t,0.7920022,0.037379153,0.73346,0.5561636
4.74,a,0.2655193,0.036334552,0.924379,0.94102854
4.75,a,0.040453218,0.08197813,0.89813316,0.98331755
4.76,a,0.0063745826,0.15391678,0.92503923,0.9733788
4.7700000000000005,a,0.005286336,0.25497526,0.93960005,0.9158867
4.78,D,0.012341655,0.4802926,0.9091107,0.70942336
4.79,D,0.0716162,0.31292322,0.7079782,0.44201514
4.8,D,0.61942565,0.14555384,0.21757995,0.29440424
4.8100000000000005,t,0.84526896,0.11233266,0.1317992,0.13727918
4.82,t,0.92892176,0.10534336,0.10388849,0.09047732
4.83,t,0.9755263,0.13509542,0.08319815,0.046923522
4.84,t,0.9926114,0.09442893,0.058303114,0.016514294
4.8500000000000005,t,0.99675,0.068792984,0.12417997,0.019653212
4.86,t,0.99513626,0.06906938,0.19465527,0.030701293
4.87,t,0.9678218,0.06607242,0.58622605,0.21842717
4.88,t,0.67690974,0.045077704,0.92362136,0.82739455
4.89,a,0.19363374,0.04449239,0.9511016,0.96438664
4.9,a,0.06583517,0.069601774,0.91249406,0.9741086
4.91,a,0.021787431,0.087881744,0.9052296,0.97133064
4.92,a,0.034563106,0.08387544,0.8738819,0.93934596
4.93,a,0.50896245,0.06962967,0.8495626,0.87878555
4.94,p,0.9402226,0.05795798,0.8332341,0.68466675
4.95,p,0.9604538,0.056628436,0.712898,0.3932367
4.96,p,0.9719096,0.057917167,0.51856506,0.18914364
4.97,p,0.98220414,0.069006026,0.37663224,0.11482241
4.98,p,0.9902941,0.08644669,0.16921835,0.06297542
4.99,p,0.9935536,0.118876144,0.077359594,0.04025336
5.0,p,0.98944706,0.1076849,0.20683534,0.11555208
5.01,p,0.97214824,0.084216714,0.5073626,0.32341433
5.0200000000000005,w,0.85119474,0.06796073,0.7452556,0.7800183
5.03,w,0.41278318,0.06556184,0.78152806,0.929
5.04,w,0.121359244,0.099641226,0.8291965,0.9511998
5.05,w,0.023379378,0.16396417,0.88430434,0.9593022
5.0600000000000005,a,0.010946741,0.21203175,0.8991095,0.9555493
5.07,a,0.012709958,0.15321355,0.8768177,0.91426784
5.08,l,0.041272644,0.11408149,0.7736979,0.7498883
5.09,l,0.30621752,0.12475496,0.5405338,0.398923
5.1000000000000005,l,0.7986611,0.086919814,0.17661151,0.16127048
5.11,l,0.8841403,0.078900926,0.15299329,0.1002305
5.12,l,0.9179224,0.07423382,0.14606193,0.08464
5.13,<p:>,0.9325126,0.06801557,0.1138449,0.06563525
5.14,<p:>,0.9487079,0.06274658,0.0842893,0.058893535
5.15,t,0.96237826,0.06502905,0.032616265,0.050347093
5.16,t,0.97952807,0.06109003,0.016032351,0.031503107
5.17,t,0.9882131,0.06581834,0.00929188,0.014807985
5.18,t,0.99224794,0.11429883,0.04639039,0.021193307
5.19,t,0.9845217,0.14446342,0.14983028,0.07305938
5.2,t,0.76907396,0.5040644,0.53103524,0.32985386
5.21,t,0.77469826,0.6022781,0.70941406,0.42346245
5.22,a,0.46287283,0.6474808,0.8434167,0.72464585
5.23,a,0.14214744,0.38036546,0.9107222,0.8876399
5.24,a,0.03684153,0.16471455,0.9412192,0.9521859
5.25,a,0.011387882,0.11351665,0.94348323,0.9659567
5.26,a,0.008146495,0.07462543,0.9247004,0.93747026
5.2700000000000005,a,0.03924765,0.08045721,0.88516885,0.7895089
5.28,a,0.56334674,0.1822991,0.7839765,0.4781875
5.29,k,0.8342658,0.128889,0.57216144,0.28935364
5.3,k,0.8927831,0.106065154,0.363735,0.1531002
5.3100000000000005,k,0.9124954,0.111070275,0.20757297,0.08580854
5.32,k,0.92805624,0.09591396,0.16795982,0.079688765
5.33,k,0.9490575,0.0713945,0.14652026,0.08739781
5.34,k,0.9782456,0.058751345,0.10357042,0.065354794
5.3500000000000005,k,0.9930703,0.048150178,0.045129742,0.024074849
5.36,k,0.99751794,0.048494745,0.100787714,0.019304568
5.37,k,0.9967268,0.06706309,0.20000547,0.036450524
5.38,k,0.98825955,0.08154129,0.33462787,0.10872763
5.39,k,0.83230597,0.08995694,0.31349552,0.23547362
5.4,<p:>,0.4042574,0.06023421,0.3902055,0.32603326
5.41,<p:>,0.24588431,0.06089832,0.3205346,0.41659293
5.42,<p:>,0.20343415,0.06774843,0.24925032,0.27259222
5.43,<p:>,0.16776286,0.06512305,0.17695786,0.16223137
5.44,<p:>,0.1308773,0.04969336,0.18424158,0.17379706
5.45,<p:>,0.10072151,0.026508195,0.2219495,0.17968407
5.46,<p:>,0.069342874,0.009768034,0.13421373,0.048157584
5.47,<p:>,0.056267846,0.008315834,0.09431604,0.030392356
5.48,<p:>,0.0463755,0.0074237166,0.087738775,0.029839681
5.49,<p:>,0.041801736,0.0071682436,0.0843298,0.03145192
5.5,<p:>,0.037136342,0.0065084524,0.064171575,0.026547514
5.51,<p:>,0.032907795,0.0052134246,0.03169074,0.016114898
5.5200000000000005,<p:>,0.028642738,0.0040528267,0.018155744,0.009746519
5.53,<p:>,0.026861424,0.003393047,0.01227837,0.0069348565
5.54,<p:>,0.025927892,0.002987426,0.008891153,0.0052783387
5.55,<p:>,0.028899979,0.0032201894,0.00786351,0.0049149273
5.5600000000000005,<p:>,0.035659704,0.0036286782,0.0072569186,0.0046406738
5.57,<p:>,0.049285226,0.004834973,0.006997683,0.0045337444
5.58,<p:>,0.07171094,0.008177948,0.006693783,0.00446933
5.59,<p:>,0.12774862,0.0249093,0.009286798,0.006372444
5.6000000000000005,p,0.947849,0.11271722,0.058915377,0.047357757
5.61,p,0.97903484,0.1334816,0.041719154,0.020865174
5.62,p,0.9874332,0.10255494,0.12675864,0.0373121
5.63,p,0.9816527,0.10514959,0.19232914,0.09362502
5.64,w,0.92726445,0.14587161,0.14904827,0.34178412
5.65,w,0.6491243,0.14442241,0.098590925,0.77782685
5.66,w,0.27317703,0.1227348,0.0634202,0.93947405
5.67,w,0.062162448,0.13149023,0.06057771,0.975771
5.68,u,0.015412876,0.14635749,0.07100846,0.9771219
5.69,u,0.013466083,0.19597481,0.083773635,0.94364727
5.7,n,0.022021262,0.31847277,0.09766138,0.7667572
5.71,n,0.021386923,0.39092872,0.124296606,0.53087187
5.72,n,0.022140464,0.4205554,0.13760476,0.4264129
5.73,n,0.0293644,0.39933392,0.09720828,0.3661279
5.74,n,0.035676926,0.24069071,0.02932557,0.30595183
5.75,n,0.03424544,0.10653017,0.0117898695,0.23911025
5.76,n,0.0562287,0.06993321,0.005054943,0.2232512
5.7700000000000005,n,0.1260148,0.053242635,0.0031535388,0.15288788
5.78,s,0.25150958,0.036849026,0.0027454959,0.06677255
5.79,s,0.5646346,0.04407188,0.0021388023,0.047151648
5.8,s,0.8213795,0.037027813,0.0027727964,0.03881084
5.8100000000000005,t,0.91705084,0.04231392,0.0037581373,0.022332989
5.82,t,0.9672491,0.04726146,0.0035881377,0.0100485785
5.83,t,0.9849737,0.052857332,0.015897812,0.010453665
5.84,t,0.9931552,0.044526253,0.04450829,0.009993294
5.8500000000000005,t,0.993793,0.04899997,0.08445836,0.012960658
5.86,t,0.98242724,0.06980019,0.32538733,0.06712911
5.87,a,0.8531402,0.056625996,0.8734156,0.61908466
5.88,a,0.24893501,0.03879202,0.98992544,0.9560607
5.89,a,0.052209068,0.028463552,0.9952958,0.99215317
5.9,a,0.017019507,0.049003273,0.9952916,0.9948707
5.91,a,0.0071348464,0.07862783,0.9940188,0.9936166
5.92,a,0.0037186423,0.08632882,0.99114853,0.98870957
5.93,a,0.004712598,0.08667667,0.98770094,0.96985924
5.94,a,0.02105065,0.13338046,0.97698647,0.89857733
5.95,a,0.3737635,0.3313452,0.92808336,0.7518876
5.96,r,0.62042964,0.42350495,0.8840298,0.6187809
5.97,r,0.7327661,0.50687957,0.78442365,0.46999928
5.98,r,0.8314552,0.6109875,0.5451437,0.29346895
5.99,r,0.90192455,0.651711,0.31722087,0.17222406
6.0,k,0.98763806,0.027344368,0.028667763,0.034402207
6.01,k,0.9974582,0.019950708,0.04470217,0.011014049
6.0200000000000005,k,0.99812204,0.011865563,0.08161028,0.008707342
6.03,k,0.9983288,0.00979515,0.09466417,0.0077495836
6.04,k,0.9973209,0.014796768,0.045443747,0.012216927
6.05,k,0.9855277,0.028640185,0.28134218,0.103534
6.0600000000000005,k,0.8420464,0.029125549,0.8152831,0.6395035
6.07,a,0.31143156,0.032122444,0.95180446,0.9517096
6.08,a,0.08810705,0.03749102,0.94568455,0.982409
6.09,a,0.0243739,0.05599391,0.9193082,0.97787493
6.1000000000000005,a,0.018808229,0.0588211,0.92477006,0.95083076
6.11,a,0.19212817,0.050597597,0.90598726,0.9013238
6.12,p,0.88481826,0.041818492,0.9079382,0.7594118
6.13,p,0.9426387,0.038018033,0.84231484,0.58153135
6.140000000000001,p,0.971323,0.03958332,0.6450521,0.30413425
6.15,p,0.9894428,0.057087373,0.3145339,0.09375134
6.16,p,0.99547035,0.06399,0.09619807,0.030275468
6.17,p,0.99377716,0.06606272,0.052064925,0.027887361
6.18,p,0.9781131,0.059037745,0.099339984,0.09195153
6.19,w,0.85625875,0.04222826,0.28680506,0.6325069
6.2,w,0.4246022,0.033987682,0.42448005,0.91828394
6.21,w,0.07639557,0.04407668,0.40064007,0.9449425
6.22,w,0.03217708,0.07588235,0.51272565,0.94363254
6.23,n,0.015979212,0.0953849,0.6932198,0.8953388
6.24,n,0.018272035,0.05626535,0.6611495,0.7365634
6.25,n,0.07681627,0.029304534,0.5044892,0.45305112
6.26,n,0.49826396,0.026671814,0.2071387,0.19301848
6.2700000000000005,k,0.88759047,0.030102149,0.17128767,0.1269416
6.28,k,0.92881244,0.030007664,0.13263361,0.07696214
6.29,k,0.9429882,0.030375656,0.09920982,0.0547902
6.3,k,0.954755,0.031271055,0.0643396,0.04285706
6.3100000000000005,k,0.9673964,0.031381726,0.031591307,0.033187967
6.32,t,0.98021966,0.027859222,0.013405532,0.018924598
6.33,t,0.98886085,0.023687864,0.0072690444,0.007952705
6.34,t,0.9934045,0.026757212,0.0043934104,0.0044592894
6.3500000000000005,t,0.99606186,0.037286367,0.020160573,0.0065557444
6.36,t,0.994637,0.053275358,0.02923697,0.012581702
6.37,t,0.98085546,0.072890356,0.10877032,0.08195433
6.38,t,0.8205885,0.07896954,0.5213009,0.5269335
6.390000000000001,a,0.45679444,0.08025751,0.78848517,0.82871544
6.4,a,0.11085818,0.29496807,0.9402067,0.8896744
6.41,a,0.020642981,0.20062163,0.96126896,0.95293736
6.42,a,0.0072345375,0.1263249,0.95960045,0.9701725
6.43,a,0.0074704443,0.09239954,0.94100076,0.9497026
6.44,a,0.026980082,0.06721368,0.903473,0.8054688
6.45,a,0.3065789,0.09024395,0.81873006,0.50931776
6.46,f,0.66999644,0.09174108,0.57863826,0.36513352
6.47,f,0.70722663,0.07046329,0.28644678,0.14311135
6.48,f,0.73286533,0.06932481,0.14778824,0.06920428
6.49,f,0.75466114,0.07176322,0.091884635,0.04133253
6.5,f,0.77898306,0.06476443,0.049015015,0.021513466
6.51,f,0.8436563,0.061222956,0.04555616,0.018012784
6.5200000000000005,f,0.8506482,0.07972033,0.06429776,0.023303516
6.53,f,0.74479014,0.09923498,0.0982557,0.09846048
6.54,f,0.615181,0.08829799,0.3592554,0.38797554
6.55,f,0.38880396,0.05618765,0.71137965,0.82127416
6.5600000000000005,a,0.06406046,0.07204578,0.7646027,0.9426817
6.57,a,0.03351337,0.1899342,0.6928424,0.9250701
6.58,a,0.03316958,0.40690562,0.6986928,0.8710883
6.59,a,0.024855215,0.3279478,0.7192199,0.8577904
6.6000000000000005,a,0.012396657,0.1933257,0.6803248,0.84339476
6.61,a,0.08889372,0.19172958,0.5307023,0.7087388
6.62,p,0.89591396,0.21357349,0.35058486,0.34334075
6.63,p,0.9375387,0.2300668,0.17535701,0.23011264
6.640000000000001,p,0.95988625,0.23805682,0.123162284,0.12133197
6.65,p,0.9769741,0.26155367,0.054130673,0.04863816
6.66,p,0.9860022,0.2842362,0.032935277,0.027506907
6.67,p,0.9821302,0.23866133,0.07668251,0.059313927
6.68,p,0.9678367,0.19937813,0.23067632,0.19237062
6.69,w,0.8678772,0.16471459,0.46148357,0.69352907
6.7,w,0.36233023,0.11877316,0.5565774,0.93183756
6.71,w,0.045196448,0.123978764,0.51871765,0.95731485
6.72,a,0.022765975,0.16804996,0.628757,0.9335211
6.73,a,0.041915562,0.1801643,0.6432905,0.7767851
6.74,l,0.08663927,0.16024458,0.4012693,0.5919715
6.75,l,0.30957687,0.10161117,0.1687309,0.3869572
6.76,k,0.7843621,0.09346612,0.086991854,0.19190311
6.7700000000000005,k,0.8706578,0.10645437,0.05942425,0.12883827
6.78,k,0.9102332,0.13394561,0.043729484,0.106283374
6.79,k,0.9375982,0.17254263,0.042853773,0.10399031
6.8,k,0.924141,0.067260146,0.047300033,0.055329688
6.8100000000000005,k,0.9731495,0.067892104,0.025874168,0.018825527
6.82,t,0.98884094,0.07998127,0.03882586,0.014269996
6.83,t,0.9944445,0.0651766,0.14228292,0.025368141
6.84,t,0.99165124,0.055683404,0.2053399,0.034673013
6.8500000000000005,t,0.964327,0.05413772,0.46258888,0.18082264
6.86,a,0.7961099,0.040627852,0.877062,0.6939896
6.87,a,0.3157494,0.02430193,0.96006846,0.9500736
6.88,a,0.09188901,0.024893183,0.9665301,0.98090774
6.890000000000001,a,0.02678684,0.048959337,0.97462654,0.9829887
6.9,a,0.0130256,0.095497146,0.9798731,0.9781607
6.91,a,0.009252729,0.12205299,0.97947,0.96864516
6.92,a,0.008412795,0.11308563,0.97800136,0.9423371
6.93,l,0.035009477,0.07782073,0.94354105,0.79444766
6.94,l,0.46190128,0.060318045,0.7272801,0.3442432
6.95,k,0.8803199,0.047484368,0.3325704,0.112174466
6.96,k,0.9232058,0.04043652,0.16993283,0.056855716
6.97,k,0.94456893,0.034014087,0.087984405,0.036473148
6.98,k,0.96905077,0.027386446,0.048372712,0.030724965
6.99,k,0.98907524,0.019652516,0.024751823,0.01620931
7.0,k,0.9969853,0.016120352,0.023422092,0.0072604637
7.01,k,0.99788576,0.012256917,0.03334643,0.005559711
7.0200000000000005,k,0.997966,0.01008656,0.04424717,0.005233544
7.03,k,0.99695873,0.017448157,0.03286042,0.007492185
7.04,k,0.98673975,0.03974302,0.27837825,0.07253763
7.05,k,0.8650114,0.052651588,0.8619751,0.5561039
7.0600000000000005,a,0.3002972,0.044651262,0.9781936,0.93801016
7.07,a,0.1106381,0.052931447,0.9802877,0.97399265
7.08,a,0.03666908,0.048396252,0.96739686,0.9757418
7.09,a,0.0051015024,0.035116464,0.9290801,0.9388296
7.1000000000000005,a,0.020924445,0.05036983,0.6812018,0.7744766
7.11,p,0.7526743,0.05916695,0.5858477,0.50307417
7.12,p,0.9174131,0.07889414,0.6457705,0.4097857
7.13,p,0.9571169,0.08656929,0.48772243,0.22451712
7.140000000000001,p,0.9807709,0.10647629,0.25786486,0.079427555
7.15,p,0.9924787,0.12325032,0.07054219,0.020871436
7.16,p,0.9960709,0.10344347,0.13840559,0.033213835
7.17,p,0.9886976,0.11010936,0.2652255,0.097114496
7.18,p,0.9557263,0.10249505,0.5791022,0.29653874
7.19,p,0.7449375,0.09631835,0.78574353,0.6157701
7.2,w,0.0805709,0.45324486,0.72848886,0.8174767
7.21,w,0.023716528,0.3154421,0.8008215,0.8926458
7.22,w,0.017003119,0.19551891,0.78919613,0.8556984
7.23,w,0.022769943,0.106462464,0.69934225,0.6312995
7.24,l,0.042446047,0.075147144,0.41807762,0.26483732
7.25,l,0.14481196,0.049906455,0.15757519,0.15499286
7.26,l,0.56972206,0.04753236,0.03958873,0.07175857
7.2700000000000005,t,0.78044295,0.044105384,0.031643525,0.052535284
7.28,t,0.8443059,0.042649057,0.02358081,0.03613366
7.29,t,0.87521005,0.04361989,0.014917467,0.028895939
7.3,t,0.9098163,0.0508984,0.010083315,0.022403717
7.3100000000000005,t,0.94830257,0.06165916,0.0066246935,0.011299228
7.32,t,0.96956635,0.07465773,0.0070021474,0.00794632
7.33,t,0.9815351,0.09414917,0.029988911,0.016294222
7.34,t,0.9752574,0.08728097,0.087510936,0.036217626
7.3500000000000005,t,0.92009836,0.09247143,0.39240304,0.18525751
7.36,t,0.6861263,0.06891011,0.734908,0.61607945
7.37,a,0.3640456,0.048515316,0.8680442,0.8697967
7.38,a,0.10354458,0.060881056,0.7720238,0.9598794
7.390000000000001,a,0.02567726,0.0880582,0.79305536,0.9760996
7.4,a,0.013558049,0.0991301,0.86398566,0.9726894
7.41,N,0.014939435,0.10943747,0.93563336,0.9507889
7.42,N,0.01896697,0.103537776,0.9509896,0.86608607
7.43,N,0.06042435,0.07627104,0.9170479,0.6712999
7.44,N,0.35178673,0.062130485,0.7989449,0.43160695
7.45,k,0.8181953,0.06714855,0.35821816,0.19651471
7.46,k,0.93016636,0.040235583,0.23652676,0.108735025
7.47,k,0.9609754,0.029068142,0.14104807,0.067484
7.48,k,0.9793143,0.02881002,0.08605434,0.039561573
7.49,k,0.9937215,0.028641444,0.044668663,0.015137125
7.5,k,0.9976878,0.026409632,0.10861505,0.015250922
7.51,k,0.9978205,0.021523004,0.16794083,0.016547753
7.5200000000000005,k,0.99801975,0.025423989,0.22992648,0.019520037
7.53,k,0.99603075,0.037649788,0.29004678,0.043181214
7.54,k,0.97582704,0.070727125,0.54253006,0.14824763
7.55,k,0.79385245,0.09657779,0.81241167,0.6169047
7.5600000000000005,k,0.37339163,0.11946147,0.90833765,0.8644192
7.57,a,0.18696915,0.15246351,0.93724304,0.9245673
7.58,a,0.100234285,0.21579216,0.9430395,0.91954863
7.59,a,0.06317064,0.33987045,0.9232607,0.8103991
7.6000000000000005,N,0.39114052,0.11094968,0.42379728,0.659249
7.61,N,0.66370195,0.047646668,0.119728915,0.45207623
7.62,N,0.92182964,0.049210988,0.04959981,0.21933767
7.63,k,0.9750851,0.04694119,0.033227805,0.09988877
7.640000000000001,k,0.9910469,0.039205782,0.021758074,0.036980405
7.65,k,0.9951087,0.037233017,0.053790763,0.028927362
7.66,k,0.9938302,0.030377943,0.123398386,0.039399333
7.67,k,0.98923373,0.031447377,0.19826871,0.06143408
7.68,k,0.96801287,0.05349686,0.31105927,0.14630789
7.69,k,0.7760595,0.07490558,0.65153533,0.6766298
7.7,w,0.2691808,0.06835516,0.84549963,0.94718885
7.71,w,0.11939893,0.06364957,0.9049922,0.97455204
7.72,e,0.04436403,0.055511747,0.8659318,0.96479934
7.73,e,0.019049676,0.042625595,0.6957124,0.83744514
7.74,l,0.06905987,0.03836551,0.5934067,0.41959646
7.75,l,0.3015998,0.028877005,0.30327713,0.17507654
7.76,tS,0.708064,0.029438496,0.17077145,0.08255754
7.7700000000000005,tS,0.88755023,0.035557996,0.04374331,0.049896237
7.78,tS,0.91560346,0.03466677,0.027141286,0.043726675
7.79,tS,0.9303103,0.033832908,0.01724799,0.036753763
7.8,tS,0.9558997,0.034418732,0.009990189,0.028936896
7.8100000000000005,tS,0.9753226,0.03268051,0.005007071,0.016370378
7.82,tS,0.9883764,0.029991224,0.0028432787,0.0071185366
7.83,t,0.9932695,0.03133433,0.0035440994,0.0051107076
7.84,t,0.9953836,0.04436314,0.018492514,0.0063213543
7.8500000000000005,t,0.9946292,0.04887054,0.04647948,0.011925209
7.86,t,0.9893582,0.0474985,0.086254485,0.03368852
7.87,t,0.953232,0.065972105,0.33853546,0.1690545
7.88,t,0.789195,0.055169407,0.694369,0.55541915
7.890000000000001,t,0.43697837,0.060031068,0.817568,0.8216581
7.9,a,0.16429171,0.098304175,0.786866,0.93099564
7.91,a,0.04561244,0.11997406,0.7696887,0.9690742
7.92,a,0.016642457,0.09439766,0.8008634,0.9650493
7.930000000000001,a,0.028194465,0.076436564,0.8260221,0.8805231
7.94,a,0.3117847,0.118000895,0.7948045,0.57018065
7.95,a,0.522404,0.13954532,0.65035456,0.39607796
7.96,<p:>,0.6514232,0.09878092,0.43004045,0.23271626
7.97,<p:>,0.7984276,0.10423279,0.26452526,0.13775936
7.98,t,0.8665172,0.124060005,0.12080076,0.07179167
7.99,t,0.91740525,0.17274676,0.059135206,0.039480202
8.0,f,0.736316,0.13746071,0.06624725,0.04110526
8.01,f,0.8333251,0.1145461,0.0296996,0.014460977
8.02,f,0.8847223,0.16578096,0.034173474,0.01407044
8.03,f,0.8638324,0.19692986,0.17229314,0.11545401
8.040000000000001,f,0.7531112,0.14129764,0.53458077,0.4934968
8.05,f,0.48088154,0.15676129,0.67163295,0.8493059
8.06,f,0.16508476,0.11532658,0.6607127,0.8996385
8.07,f,0.09630224,0.07184798,0.6635841,0.88769406
8.08,N,0.09160981,0.052678578,0.68191284,0.82928705
8.09,N,0.171659,0.052772973,0.7070976,0.723893
8.1,N,0.6057142,0.04962572,0.4674079,0.5064028
8.11,k,0.8286378,0.06634734,0.38027352,0.41289917
8.120000000000001,k,0.894183,0.058393177,0.26022503,0.24665356
8.13,k,0.91700244,0.051356286,0.22227845,0.16299954
8.14,k,0.9197589,0.056403037,0.25761864,0.14747383
8.15,p,0.9375255,0.060328506,0.22961377,0.12060328
8.16,p,0.95015097,0.064497806,0.2343819,0.10943451
8.17,p,0.9587912,0.07182583,0.2243009,0.099895075
8.18,p,0.9550346,0.08141408,0.21500824,0.09010669
8.19,p,0.92464674,0.10808032,0.35935155,0.16215022
8.2,p,0.84271234,0.14485769,0.59548944,0.48740828
8.21,w,0.53163344,0.09814108,0.79729056,0.8615401
8.22,w,0.21430622,0.052476086,0.7809468,0.96198475
8.23,e,0.08646465,0.026373873,0.6676546,0.9685497
8.24,e,0.08440932,0.02355014,0.591733,0.9014293
8.25,k,0.65940815,0.022665499,0.24993011,0.5534395
8.26,k,0.9486585,0.022367727,0.070266254,0.120775536
8.27,k,0.97935647,0.017884105,0.03460876,0.05784765
8.28,k,0.9900639,0.013184643,0.018737301,0.034007993
8.290000000000001,k,0.9957549,0.009745175,0.00994663,0.01819897
8.3,k,0.99828553,0.007092505,0.0040310686,0.0071192714
8.31,k,0.99883455,0.008331925,0.010636853,0.00549322
8.32,k,0.9982227,0.011290017,0.030292956,0.009033341
8.33,k,0.99764806,0.014726192,0.05674004,0.014496424
8.34,k,0.99492383,0.026466064,0.089454785,0.035706665
8.35,k,0.9804207,0.049049657,0.137695,0.14038356
8.36,o,0.73483986,0.049677417,0.41588134,0.6455968
8.370000000000001,o,0.3607182,0.09124062,0.5774273,0.8489438
8.38,o,0.19825457,0.21956679,0.6506896,0.8342197
8.39,o,0.09524831,0.35898426,0.69673645,0.6731617
8.4,o,0.35612732,0.1178145,0.61726505,0.83895856
8.41,k,0.7070571,0.06551072,0.5325561,0.65470374
8.42,k,0.9051503,0.059350666,0.24378826,0.2752372
8.43,k,0.94724023,0.04341269,0.10617365,0.12093794
8.44,k,0.9641003,0.026774552,0.050222438,0.066757694
8.45,k,0.9799456,0.018994182,0.026169563,0.043884505
8.46,k,0.9908464,0.0147085395,0.014556057,0.027965099
8.47,k,0.9968969,0.009276997,0.00765604,0.0113259945
8.48,k,0.99873364,0.007815364,0.013684109,0.006510481
8.49,k,0.99862736,0.008368931,0.026551777,0.0077293417
8.5,k,0.99818265,0.010116769,0.039685734,0.009683806
8.51,k,0.9963526,0.025175368,0.0369873,0.021969533
8.52,k,0.98270446,0.051307198,0.14096348,0.109248504
8.53,k,0.7981799,0.0414435,0.6655775,0.6208178
8.540000000000001,o,0.25397968,0.03178907,0.8251722,0.9363282
8.55,o,0.06798363,0.031059844,0.7975791,0.94259477
8.56,a,0.028177297,0.0362016,0.8421483,0.8694232
8.57,a,0.070315406,0.06202657,0.8272978,0.5543463
8.58,a,0.14347714,0.05487551,0.5873313,0.28533745
8.59,p,0.713601,0.056822818,0.274442,0.13793476
8.6,p,0.92046815,0.076507956,0.12441318,0.09236399
8.61,p,0.95491016,0.08004095,0.085916676,0.07125174
8.620000000000001,p,0.97669494,0.080311,0.04783051,0.03686435
8.63,p,0.98956823,0.08103425,0.017299186,0.015047844
8.64,p,0.99530023,0.097836114,0.006141243,0.0070901043
8.65,p,0.99638057,0.10492614,0.020655535,0.02006111
8.66,p,0.9878224,0.097715326,0.07288637,0.08370848
8.67,k,0.9323777,0.08628137,0.12853572,0.25657246
8.68,k,0.8663601,0.08272267,0.13359414,0.24621147
8.69,k,0.94367427,0.09024435,0.12154459,0.13005245
8.700000000000001,k,0.9588101,0.08347844,0.076168485,0.060998026
8.71,k,0.95970476,0.10029729,0.034913488,0.071622565
8.72,k,0.8772182,0.12009775,0.030748237,0.41300273
8.73,u,0.253967,0.047286883,0.060025472,0.8293668
8.74,u,0.07613264,0.02235157,0.06696381,0.92384976
8.75,s,0.07010085,0.026335783,0.053252313,0.80702955
8.76,s,0.17838277,0.054738283,0.040154006,0.45921165
8.77,s,0.19825979,0.05779473,0.028084034,0.16130514
8.78,s,0.21331888,0.06759226,0.019588064,0.09406989
8.790000000000001,s,0.2264012,0.13021739,0.049049277,0.13833801
8.8,f,0.53729147,0.11025075,0.01742342,0.08172559
8.81,f,0.59200686,0.06110493,0.0051191538,0.022235386
8.82,f,0.6266579,0.05125732,0.0040224553,0.015103622
8.83,f,0.6655598,0.06795765,0.01329746,0.023416594
8.84,f,0.6554316,0.09383501,0.045082927,0.051302996
8.85,f,0.62944186,0.113046095,0.10575459,0.112456255
8.86,f,0.5657324,0.13127463,0.10606754,0.2167323
8.870000000000001,f,0.53012353,0.17638999,0.0883083,0.44653502
8.88,u,0.3265389,0.1463742,0.11051045,0.6820814
8.89,u,0.14213245,0.10325315,0.17414199,0.8393182
8.9,u,0.07339216,0.10610973,0.17261617,0.83309245
8.91,u,0.09968854,0.14374396,0.19145705,0.74401677
8.92,u,0.22161785,0.18811955,0.17132,0.5179351
8.93,N,0.35187516,0.1785151,0.09602913,0.34677193
8.94,N,0.60450596,0.14942427,0.06265764,0.2281354
8.950000000000001,N,0.7597111,0.11995493,0.031699985,0.12544143
8.96,k,0.83313066,0.12778409,0.023245174,0.104564525
8.97,k,0.8934403,0.15962322,0.021422673,0.08712563
8.98,k,0.92769015,0.15334147,0.033756636,0.07215702
8.99,k,0.9552281,0.14016731,0.2267627,0.16128369
9.0,k,0.87227803,0.13211635,0.375393,0.2675804
9.01,k,0.71059656,0.09216086,0.37119117,0.26351675
9.02,k,0.5408905,0.057774946,0.24824889,0.1667046
9.03,<p:>,0.4229225,0.060705047,0.23330261,0.14658946
9.040000000000001,<p:>,0.3279247,0.06393435,0.2597114,0.15305084
9.05,<p:>,0.22723308,0.05616396,0.30128554,0.1842801
9.06,<p:>,0.19035277,0.05379069,0.30897608,0.19679298
9.07,<p:>,0.17123863,0.058145538,0.32909787,0.22366339
9.08,<p:>,0.1368067,0.049615033,0.38338932,0.271129
9.09,<p:>,0.10786476,0.041970644,0.42573792,0.33135548
9.1,<p:>,0.085614756,0.023292497,0.34595937,0.34713224
9.11,<p:>,0.07953227,0.013408011,0.22653037,0.28729847
9.120000000000001,<p:>,0.08486689,0.010059745,0.13465096,0.16309111
9.13,<p:>,0.0937088,0.009177298,0.08587747,0.103964426
9.14,<p:>,0.11682163,0.010911736,0.07906962,0.08965433
9.15,<p:>,0.15575817,0.016481664,0.10950504,0.10261733
9.16,<p:>,0.20775782,0.021000063,0.14602402,0.1254343
9.17,<p:>,0.2771291,0.029776366,0.16682407,0.13159682
9.18,<p:>,0.3611507,0.04648402,0.1480747,0.101557024
9.19,<p:>,0.40778342,0.07658268,0.1625432,0.093956776
9.200000000000001,<p:>,0.078747444,0.0110093905,0.09614443,0.06329141
9.21,<p:>,0.054933965,0.0061884485,0.056891717,0.0237403
9.22,<p:>,0.04749891,0.0056439843,0.033914234,0.013326653
9.23,<p:>,0.03690164,0.0050961133,0.025659498,0.010221059
9.24,<p:>,0.033349164,0.005047064,0.020397417,0.009627666
9.25,<p:>,0.02612163,0.0031231216,0.014699608,0.009521533
9.26,<p:>,0.020612521,0.0018978554,0.00856003,0.007883379
9.27,<p:>,0.017739972,0.0011859931,0.0047217603,0.0041485853
9.28,<p:>,0.026431931,0.001597907,0.004801883,0.0037249492
9.290000000000001,<p:>,0.04642074,0.002683019,0.0046278415,0.003945718
9.3,<p:>,0.08467481,0.0048486027,0.004254987,0.004318795
9.31,<p:>,0.16405487,0.010879177,0.0034975442,0.005487866
9.32,f,0.27288064,0.022194149,0.002658411,0.0068786317
9.33,f,0.33509922,0.030000689,0.0036366452,0.012227986
9.34,f,0.31901854,0.022989461,0.004222856,0.0137507375
9.35,f,0.41937214,0.03577889,0.0036417367,0.013626604
9.36,f,0.5699754,0.085085526,0.0035707483,0.016476888
9.370000000000001,f,0.6381294,0.17631668,0.006647041,0.057735905
9.38,f,0.6638419,0.1900065,0.027755579,0.39708328
9.39,w,0.60551596,0.110626526,0.050161023,0.8166247
9.4,w,0.25473082,0.07118509,0.06823426,0.9550903
9.41,w,0.048266202,0.048697248,0.08416134,0.9826892
9.42,w,0.03150491,0.036389727,0.22091338,0.98142296
9.43,w,0.03427339,0.037843622,0.42122874,0.9635389
9.44,w,0.11849849,0.036443047,0.44730806,0.8837454
9.450000000000001,w,0.696122,0.049750112,0.2935616,0.5034553
9.46,w,0.89372915,0.052209254,0.11990999,0.14203075
9.47,k,0.9544614,0.034138735,0.09906054,0.09018121
9.48,k,0.9658134,0.020099383,0.059262212,0.059682846
9.49,k,0.97304195,0.015119953,0.038170412,0.042686503
9.5,k,0.9782539,0.013556078,0.03075345,0.037024308
9.51,k,0.9864175,0.010610233,0.02103638,0.026318738
9.52,k,0.9943115,0.009174489,0.01393988,0.013096621
9.53,k,0.99801236,0.008171214,0.023794413,0.007965566
9.540000000000001,k,0.99824595,0.0094526345,0.026363011,0.0066311983
9.55,k,0.9980986,0.011843166,0.02432486,0.0059172143
9.56,k,0.9972946,0.019243484,0.01963559,0.007813094
9.57,k,0.99175346,0.033581104,0.07239169,0.030579846
9.58,k,0.95937115,0.05373364,0.35848594,0.17082752
9.59,a,0.7642798,0.058353174,0.77529943,0.5613431
9.6,a,0.07910045,0.41401947,0.7976077,0.76877016
9.61,a,0.048273746,0.28793553,0.8431957,0.87193584
9.620000000000001,a,0.045215815,0.18920012,0.8771481,0.8841203
9.63,a,0.039963078,0.12084519,0.8730889,0.85065836
9.64,a,0.040379025,0.0805159,0.8667061,0.7790602
9.65,l,0.04458608,0.07004014,0.82289845,0.55685484
9.66,l,0.09763194,0.08353411,0.70101726,0.3375755
9.67,l,0.19452542,0.06515095,0.47645837,0.167303
9.68,<p:>,0.19820158,0.05021277,0.18663393,0.061901152
9.69,<p:>,0.3309129,0.049783155,0.16745612,0.06238049
9.700000000000001,<p:>,0.42781174,0.043510538,0.10759277,0.045347612
9.71,<p:>,0.4562046,0.033608273,0.071257204,0.0344644
9.72,<p:>,0.5217805,0.028878147,0.046543468,0.02623881
9.73,<p:>,0.6050633,0.030593023,0.030208323,0.019887187
9.74,<p:>,0.6892418,0.035810668,0.03688038,0.021399273
9.75,<p:>,0.82803625,0.08110006,0.3636277,0.17595883
9.76,<p:>,0.50932723,0.045751497,0.55361754,0.31533194
9.77,x,0.3465451,0.032162517,0.5320381,0.25361684
9.78,x,0.28875944,0.023736695,0.40507752,0.15830325
9.790000000000001,x,0.22023344,0.022906814,0.3373347,0.12158325
9.8,x,0.14668201,0.025823463,0.39368066,0.14159812
9.81,<p:>,0.109441094,0.030246405,0.53627837,0.21661517
9.82,<p:>,0.076529756,0.03282498,0.6830119,0.3417965
9.83,<p:>,0.054265544,0.033541247,0.7897644,0.4621285
9.84,a,0.044286687,0.033728566,0.8228587,0.54854316
9.85,a,0.042320516,0.03253945,0.8112456,0.5770636
9.86,a,0.03962911,0.031633295,0.8458204,0.63899994
9.870000000000001,a,0.034268618,0.03251313,0.88472956,0.7039182
9.88,a,0.03239098,0.03233708,0.8988604,0.7218381
9.89,a,0.030485602,0.02989316,0.89687204,0.72137064
9.9,a,0.028792141,0.027251603,0.88992,0.7228505
9.91,a,0.03210303,0.025983376,0.87938625,0.7148406
9.92,x,0.032751296,0.020579422,0.8598721,0.6926037
9.93,x,0.037558667,0.019575492,0.83797354,0.67006016
9.94,x,0.048155803,0.019476455,0.81724155,0.6264906
9.950000000000001,<p:>,0.058767907,0.020809475,0.7891994,0.5919889
9.96,<p:>,0.09400204,0.029350065,0.7371146,0.5168524
9.97,<p:>,0.17346442,0.04443723,0.668497,0.38578907
9.98,<p:>,0.28023016,0.059652742,0.62494886,0.2933457
